Device ID - Session,Description,Radio Comms Up,Radio Comms Up (time),Time Synchronized,Time Synchronized (time),Network Data Overage Alarm,Network Data Overage Alarm (time),Local Port Connected,Local Port Connected (time),Session 0 online,Session 0 online (time),Session 1 online,Session 1 online (time),Thread(s) at Critical Stack Usage,Thread(s) at Critical Stack Usage (time),User Configuration Issue,User Configuration Issue (time),AC Outage,AC Outage (time),Battery Fuse Status,Battery Fuse Status (time),Programmable Logic Point 1,Programmable Logic Point 1 (time),Programmable Logic Point 2,Programmable Logic Point 2 (time),Programmable Logic Point 3,Programmable Logic Point 3 (time),Programmable Logic Point 4,Programmable Logic Point 4 (time),Programmable Logic Point 5,Programmable Logic Point 5 (time),Programmable Logic Point 6,Programmable Logic Point 6 (time),Programmable Logic Point 7,Programmable Logic Point 7 (time),Programmable Logic Point 8,Programmable Logic Point 8 (time),Programmable Logic Point 9,Programmable Logic Point 9 (time),Programmable Logic Point 10,Programmable Logic Point 10 (time),CommLost Status,CommLost Status (time),Unit ID,Unit ID (time),Primary Radio ID,Primary Radio ID (time),RTM FW Version Number,RTM FW Version Number (time),Average Radio RX Signal,Average Radio RX Signal (time),Average Radio TX Signal,Average Radio TX Signal (time),RF Comms State,RF Comms State (time),Recent Highest Transmit Count,Recent Highest Transmit Count (time),Last Radio Received SSI Value,Last Radio Received SSI Value (time),Last Base Station Received SSI Value,Last Base Station Received SSI Value (time),Today's Since Reset IED TX/RX (KB),Today's Since Reset IED TX/RX (KB) (time),Today's Total IED TX/RX (KB),Today's Total IED TX/RX (KB) (time),Yesterday's Total IED TX/RX (KB),Yesterday's Total IED TX/RX (KB) (time),Today's Bulk TX/RX (KB),Today's Bulk TX/RX (KB) (time),Yesterday's Bulk TX/RX (KB),Yesterday's Bulk TX/RX (KB) (time),Today's Total TX/RX (KB),Today's Total TX/RX (KB) (time),Yesterday's Total TX/RX (KB),Yesterday's Total TX/RX (KB) (time),Month's Total TX/RX (KB),Month's Total TX/RX (KB) (time),Last Cell Radio Received RSRP,Last Cell Radio Received RSRP (time),Last Cell Radio Received RSRQ,Last Cell Radio Received RSRQ (time),Today's Percent Successful TX (Session 0),Today's Percent Successful TX (Session 0) (time),Today's Percent Successful TX (Session 1),Today's Percent Successful TX (Session 1) (time),Dynamic Memory Bytes Total,Dynamic Memory Bytes Total (time),Dynamic Memory Bytes Used,Dynamic Memory Bytes Used (time),Dynamic Memory Bytes Free,Dynamic Memory Bytes Free (time),Dynamic Memory Number of Blocks,Dynamic Memory Number of Blocks (time),Dynamic Memory Largest Block Size,Dynamic Memory Largest Block Size (time),Line Voltage Present Value (VAC),Line Voltage Present Value (VAC) (time),Line Voltage Maximum Value (VAC),Line Voltage Maximum Value (VAC) (time),Line Voltage Minimum Value (VAC),Line Voltage Minimum Value (VAC) (time),Present Battery State,Present Battery State (time),Last Test Battery Condition,Last Test Battery Condition (time),Battery Test Voltage (VDC),Battery Test Voltage (VDC) (time),Board Temperature (deg C),Board Temperature (deg C) (time),Programmable Math Point 1,Programmable Math Point 1 (time),Programmable Math Point 2,Programmable Math Point 2 (time),Programmable Math Point 3,Programmable Math Point 3 (time),Programmable Math Point 4,Programmable Math Point 4 (time),Programmable Math Point 5,Programmable Math Point 5 (time),Programmable Math Point 6,Programmable Math Point 6 (time),Programmable Math Point 7,Programmable Math Point 7 (time),Programmable Math Point 8,Programmable Math Point 8 (time),Programmable Math Point 9,Programmable Math Point 9 (time),Programmable Math Point 10,Programmable Math Point 10 (time),Flag Count,Flag Count (time),"PV Report Date (MMDD, deprecated)","PV Report Date (MMDD, deprecated) (time)","PV Report Time (HHMM, deprecated)","PV Report Time (HHMM, deprecated) (time)",Report Time (Epoch milliseconds),Report Time (Epoch milliseconds) (time),Inbound Retries,Inbound Retries (time),Inbound SSI,Inbound SSI (time),Outbound SSI,Outbound SSI (time),CommLost Diagnostic,CommLost Diagnostic (time)
51745-0,,Yes,2023-01-05 17:27:32.606,Yes,2023-01-05 17:27:32.606,,,,,Online,2023-01-05 17:27:32.606,Online,2023-01-05 17:27:32.606,,,Normal,2023-01-05 17:27:32.606,Normal,2023-01-05 17:27:32.606,Fuse Blown,2023-01-05 17:27:32.606,,,,,,,,,,,,,,,,,,,,,Alarm,2023-01-05 17:27:32.606,0,2023-01-05 17:27:32.606,354595119600000,2023-01-05 17:27:32.606,470001,2023-01-05 17:27:32.606,-49,2023-01-05 17:27:32.606,0,2023-01-05 17:27:32.606,0,2023-01-05 17:27:32.606,0,2023-01-05 17:27:32.606,-49,2023-01-05 17:27:32.606,0,2023-01-05 17:27:32.606,0,2023-01-05 17:27:32.606,0,2023-01-05 17:27:32.606,0,2023-01-05 17:27:32.606,0,2023-01-05 17:27:32.606,0,2023-01-05 17:27:32.606,1,2023-01-05 17:27:32.606,0,2023-01-05 17:27:32.606,,,,,,,100,2023-01-05 17:27:32.606,100,2023-01-05 17:27:32.606,,,,,,,,,,,124.85294342,2023-01-05 17:27:32.606,126.51515198,2023-01-05 17:27:32.606,124.55882263,2023-01-05 17:27:32.606,0,2023-01-05 17:27:32.606,0,2023-01-05 17:27:32.606,0,2023-01-05 17:27:32.606,23.891626358,2023-01-05 17:27:32.606,,,,,,,,,,,,,,,,,,,,,,,,,,,,,0,2023-01-05 17:11:33.901,0,2023-01-05 17:11:33.901,-49,2023-01-05 17:11:33.901,2,2023-01-05 17:27:32.606
51930-0,,Yes,2023-04-20 15:25:14.617,Yes,2023-04-20 15:25:14.617,,,,,Online,2023-04-20 15:25:14.617,Online,2023-04-20 15:25:14.617,,,Normal,2023-04-20 15:25:14.617,AC Voltage Not Present,2023-04-20 15:25:14.617,Normal,2023-04-20 15:25:14.617,,,,,,,,,,,,,,,,,,,,,Alarm,2023-04-20 15:25:14.617,0,2023-04-20 15:25:14.617,354595119600000,2023-04-20 15:25:14.617,480004,2023-04-20 15:25:14.617,-56,2023-04-20 15:25:14.617,0,2023-04-20 15:25:14.617,0,2023-04-20 15:25:14.617,0,2023-04-20 15:25:14.617,-56,2023-04-20 15:25:14.617,0,2023-04-20 15:25:14.617,0,2023-04-20 15:25:14.617,0,2023-04-20 15:25:14.617,14,2023-04-20 15:25:14.617,0,2023-04-20 15:25:14.617,0,2023-04-20 15:25:14.617,1,2023-04-20 15:25:14.617,23,2023-04-20 15:25:14.617,,,,,,,100,2023-04-20 15:25:14.617,100,2023-04-20 15:25:14.617,,,,,,,,,,,124.41176605,2023-04-20 15:25:14.617,125.90908813,2023-04-20 15:25:14.617,124.26470947,2023-04-20 15:25:14.617,3,2023-04-20 15:25:14.617,0,2023-04-20 15:25:14.617,0,2023-04-20 15:25:14.617,27.093595505,2023-04-20 15:25:14.617,,,,,,,,,,,,,,,,,,,,,,,,,,,,,0,2023-04-20 15:09:10.465,0,2023-04-20 15:09:10.465,-56,2023-04-20 15:09:10.465,2,2023-04-20 15:25:14.617
52577-0,,Yes,2024-02-20 11:45:56.639,Yes,2024-02-20 11:45:56.639,,,,,Online,2024-02-20 11:45:56.639,Online,2024-02-20 11:45:56.639,,,Normal,2024-02-20 11:45:56.639,AC Voltage Not Present,2024-02-20 11:45:56.639,Normal,2024-02-20 11:45:56.639,,,,,,,,,,,,,,,,,,,,,Alarm,2024-02-20 11:45:56.639,0,2024-02-20 11:45:56.639,50533542,2024-02-20 11:45:56.639,480005,2024-02-20 11:45:56.639,20.857141495,2024-02-20 11:45:56.639,23.666667938,2024-02-20 11:45:56.639,0,2024-02-20 11:45:56.639,0,2024-02-20 11:45:56.639,15,2024-02-20 11:45:56.639,22,2024-02-20 11:45:56.639,0,2024-02-20 11:45:56.639,0,2024-02-20 11:45:56.639,0,2024-02-20 11:45:56.639,0,2024-02-20 11:45:56.639,0,2024-02-20 11:45:56.639,1,2024-02-20 11:45:56.639,0,2024-02-20 11:45:56.639,,,,,,,100,2024-02-20 11:45:56.639,100,2024-02-20 11:45:56.639,,,,,,,,,,,122.20587921,2024-02-20 11:45:56.639,126.96969604,2024-02-20 11:45:56.639,115.68965149,2024-02-20 11:45:56.639,3,2024-02-20 11:45:56.639,0,2024-02-20 11:45:56.639,0,2024-02-20 11:45:56.639,24.384237289,2024-02-20 11:45:56.639,,,,,,,,,,,,,,,,,,,,,,,,,,,,,0,2024-02-20 11:45:07.013,34,2024-02-20 11:45:07.013,24,2024-02-20 11:45:07.013,2,2024-02-20 11:45:56.639
30312-0,FlexNet ID: 50402153,Yes,2019-10-07 11:59:25.015,Yes,2019-10-07 11:59:25.015,,,,,Online,2019-10-07 11:59:25.015,Online,2019-10-07 11:59:25.015,,,Normal,2019-10-07 11:59:25.015,Normal,2019-10-07 11:59:25.015,Fuse Blown,2019-10-07 11:59:25.015,,,,,,,,,,,,,,,,,,,,,Alarm,2019-10-07 11:59:25.015,0,2019-10-07 11:59:25.015,50402153,2019-10-07 11:59:25.015,2080,2019-10-07 11:59:25.015,27.199998856,2019-10-07 11:59:25.015,30.400003433,2019-10-07 11:59:25.015,0,2019-10-07 11:59:25.015,0,2019-10-07 11:59:25.015,33,2019-10-07 11:59:25.015,30,2019-10-07 11:59:25.015,1,2019-10-07 11:59:25.015,1,2019-10-07 11:59:25.015,0,2019-10-07 11:59:25.015,0,2019-10-07 11:59:25.015,0,2019-10-07 11:59:25.015,3,2019-10-07 11:59:25.015,0,2019-10-07 11:59:25.015,,,,,,,100,2019-10-07 11:59:25.015,100,2019-10-07 11:59:25.015,,,,,,,,,,,125.75757599,2019-10-07 11:59:25.015,126.96969604,2019-10-07 11:59:25.015,117.41379547,2019-10-07 11:59:25.015,0,2019-10-07 11:59:25.015,0,2019-10-07 11:59:25.015,0,2019-10-07 11:59:25.015,27.832511902,2019-10-07 11:59:25.015,,,,,,,,,,,,,,,,,,,,,,,,,,,,,0,2019-10-07 11:59:25.015,27,2019-10-07 11:59:25.015,29,2019-10-07 11:59:25.015,2,2019-10-07 11:59:25.015
30574-0,FlexNet ID: 50402567,Yes,2026-09-08 21:31:43.947,Yes,2026-09-08 21:31:43.947,,,,,Online,2026-09-08 21:31:43.947,Online,2026-09-08 21:31:43.947,,,Normal,2026-09-08 21:31:43.947,Normal,2026-09-08 21:31:43.947,Normal,2026-09-08 21:31:43.947,,,,,,,,,,,,,,,,,,,,,Normal,2025-12-03 21:57:17.639,0,2025-12-03 21:57:17.639,50402567,2025-12-03 21:57:17.639,4110005,2025-12-03 21:57:17.639,56.5,2026-09-08 21:31:43.947,49.5,2026-09-08 21:31:43.947,0,2026-09-08 21:31:43.947,0,2026-09-08 21:31:43.947,62,2026-09-08 21:31:43.947,51,2026-09-08 21:31:43.947,25,2026-09-08 21:31:43.947,25,2026-09-08 21:31:43.947,28,2026-09-08 21:31:43.947,0,2026-09-08 21:31:43.947,0,2026-09-08 21:31:43.947,39,2026-09-08 21:31:43.947,43,2026-09-08 21:31:43.947,,,,,,,100,2026-09-08 21:31:43.947,100,2026-09-08 21:31:43.947,,,,,,,,,,,126.66666412,2026-09-08 21:31:43.947,131.21212769,2026-09-08 21:31:43.947,83.513511658,2026-09-08 21:31:43.947,1,2026-09-08 21:31:43.947,4,2026-09-08 21:31:43.947,12.109092712,2026-09-08 21:31:43.947,24.384237289,2026-09-09 03:31:43.243,,,,,,,,,,,,,,,,,,,,,,,,,,,,,0,2026-09-09 08:46:42.986,44,2026-09-09 08:46:42.986,51,2026-09-09 08:46:42.986,0,2025-12-03 21:57:17.639
42334-0,FlexNet ID: 50408386,Yes,2026-09-09 02:00:37.387,Yes,2026-09-09 02:00:37.387,,,,,Online,2026-09-09 02:00:37.387,Online,2026-09-09 02:00:37.387,,,Normal,2026-09-09 02:00:37.387,Normal,2026-09-09 02:00:37.387,Fuse Blown,2026-09-09 02:00:37.387,,,,,,,,,,,,,,,,,,,,,Normal,2026-05-05 21:37:32.242,0,2026-08-28 02:00:52.129,50408386,2026-08-28 02:00:52.129,4110005,2026-08-28 02:00:52.129,57.099998474,2026-09-09 02:00:37.387,65.799995422,2026-09-09 02:00:37.387,0,2026-09-09 02:00:37.387,0,2026-09-09 02:00:37.387,63,2026-09-09 02:00:37.387,66,2026-09-09 02:00:37.387,1,2026-09-09 02:00:37.387,1,2026-09-09 02:00:37.387,26,2026-09-09 02:00:37.387,0,2026-09-09 02:00:37.387,0,2026-09-09 02:00:37.387,2,2026-09-09 02:00:37.387,42,2026-09-09 02:00:37.387,,,,,,,100,2026-09-09 02:00:37.387,100,2026-09-09 02:00:37.387,,,,,,,,,,,128.48484802,2026-09-09 02:00:37.387,130.30302429,2026-09-09 02:00:37.387,118.62068939,2026-09-09 02:00:37.387,0,2026-09-09 02:00:37.387,0,2026-09-09 02:00:37.387,0,2026-09-09 02:00:37.387,27.33990097,2026-09-09 08:00:36.419,,,,,,,,,,,,,,,,,,,,,,,,,,,,,0,2026-09-09 08:45:36.076,68,2026-09-09 08:45:36.076,58,2026-09-09 08:45:36.076,0,2026-05-05 21:37:32.242
42333-0,FlexNet ID: 50408489,Yes,2026-09-08 21:50:07.936,Yes,2026-09-08 21:50:07.936,,,,,Online,2026-09-08 21:50:07.936,Online,2026-09-08 21:50:07.936,,,Normal,2026-09-08 21:50:07.936,Normal,2026-09-08 21:50:07.936,Fuse Blown,2026-09-08 21:50:07.936,,,,,,,,,,,,,,,,,,,,,Normal,2026-05-05 21:28:17.761,0,2026-06-14 21:50:24.535,50408489,2026-06-14 21:50:24.535,4110005,2026-06-14 21:50:24.535,19,2026-09-08 21:50:07.936,21.70000267,2026-09-08 21:50:07.936,0,2026-09-08 21:50:07.936,0,2026-09-08 21:50:07.936,13,2026-09-08 21:50:07.936,19,2026-09-08 21:50:07.936,25,2026-09-08 21:50:07.936,25,2026-09-08 21:50:07.936,28,2026-09-08 21:50:07.936,0,2026-09-08 21:50:07.936,0,2026-09-08 21:50:07.936,39,2026-09-08 21:50:07.936,44,2026-09-08 21:50:07.936,,,,,,,100,2026-09-08 21:50:07.936,100,2026-09-08 21:50:07.936,,,,,,,,,,,129.69697571,2026-09-08 21:50:07.936,133.48484802,2026-09-08 21:50:07.936,80.810813904,2026-09-08 21:50:07.936,0,2026-09-08 21:50:07.936,0,2026-09-08 21:50:07.936,0,2026-09-08 21:50:07.936,23.645320892,2026-09-09 03:50:04.150,,,,,,,,,,,,,,,,,,,,,,,,,,,,,0,2026-09-09 08:50:01.470,17,2026-09-09 08:50:01.470,13,2026-09-09 08:50:01.470,0,2026-05-05 21:28:17.761
42551-0,FlexNet ID: 50408490,Yes,2026-09-08 21:50:12.092,Yes,2026-09-08 21:50:12.092,,,,,Online,2026-09-08 21:50:12.092,Online,2026-09-08 21:50:12.092,,,Normal,2026-09-08 21:50:12.092,Normal,2026-09-08 21:50:12.092,Fuse Blown,2026-09-08 21:50:12.092,,,,,,,,,,,,,,,,,,,,,Normal,2026-09-08 18:50:03.113,0,2026-09-08 18:50:10.217,50408490,2026-09-08 18:50:10.217,4110005,2026-09-08 18:50:10.217,48.400001526,2026-09-08 21:50:12.092,33.799999237,2026-09-08 21:50:12.092,0,2026-09-08 21:50:12.092,0,2026-09-08 21:50:12.092,44,2026-09-08 21:50:12.092,43,2026-09-08 21:50:12.092,30,2026-09-08 21:50:12.092,30,2026-09-08 21:50:12.092,28,2026-09-08 21:50:12.092,0,2026-09-08 21:50:12.092,0,2026-09-08 21:50:12.092,50,2026-09-08 21:50:12.092,47,2026-09-08 21:50:12.092,,,,,,,100,2026-09-08 21:50:12.092,100,2026-09-08 21:50:12.092,,,,,,,,,,,127.72727203,2026-09-08 21:50:12.092,130.90908813,2026-09-08 21:50:12.092,72.407409668,2026-09-08 21:50:12.092,0,2026-09-08 21:50:12.092,0,2026-09-08 21:50:12.092,0,2026-09-08 21:50:12.092,24.630542755,2026-09-09 03:50:11.256,,,,,,,,,,,,,,,,,,,,,,,,,,,,,0,2026-09-09 08:50:04.837,39,2026-09-09 08:50:04.837,26,2026-09-09 08:50:04.837,0,2026-09-08 18:50:03.113
42332-0,FlexNet ID: 50408608,Yes,2025-07-01 00:43:20.637,Yes,2025-07-01 00:43:20.637,,,,,Online,2025-07-01 00:43:20.637,Online,2025-07-01 00:43:20.637,,,Normal,2025-07-01 00:43:20.637,Normal,2025-07-01 00:43:20.637,Normal,2025-07-01 00:43:20.637,,,,,,,,,,,,,,,,,,,,,Alarm,2025-07-01 00:43:20.637,0,2025-07-01 00:43:20.637,50408608,2025-07-01 00:43:20.637,4110005,2025-07-01 00:43:20.637,17.299999237,2025-07-01 00:43:20.637,20.100000381,2025-07-01 00:43:20.637,0,2025-07-01 00:43:20.637,0,2025-07-01 00:43:20.637,12,2025-07-01 00:43:20.637,22,2025-07-01 00:43:20.637,0,2025-07-01 00:43:20.637,0,2025-07-01 00:43:20.637,20,2025-07-01 00:43:20.637,0,2025-07-01 00:43:20.637,0,2025-07-01 00:43:20.637,0,2025-07-01 00:43:20.637,29,2025-07-01 00:43:20.637,,,,,,,100,2025-07-01 00:43:20.637,100,2025-07-01 00:43:20.637,,,,,,,,,,,129.39393616,2025-07-01 00:43:20.637,130.45454407,2025-07-01 00:43:20.637,116.55172729,2025-07-01 00:43:20.637,1,2025-07-01 00:43:20.637,9,2025-07-01 00:43:20.637,0,2025-07-01 00:43:20.637,30.295566559,2025-07-01 00:43:20.637,,,,,,,,,,,,,,,,,,,,,,,,,,,,,0,2025-07-01 00:27:18.347,28,2025-07-01 00:27:18.347,17,2025-07-01 00:27:18.347,2,2025-07-01 00:43:20.637
42331-0,FlexNet ID: 50408609,Yes,2026-09-09 02:00:25.557,Yes,2026-09-09 02:00:25.557,,,0,2026-08-28 02:00:46.129,Online,2026-09-09 02:00:25.557,Online,2026-09-09 02:00:25.557,,,Normal,2026-09-09 02:00:25.557,Normal,2026-09-09 02:00:25.557,Fuse Blown,2026-09-09 02:00:25.557,,,,,,,,,,,,,,,,,,,,,Normal,2026-08-05 15:39:17.440,0,2026-08-28 02:00:46.129,50408609,2026-08-28 02:00:46.129,4110005,2026-08-28 02:00:46.129,55.700000763,2026-09-09 02:00:25.557,56.100006104,2026-09-09 02:00:25.557,0,2026-09-09 02:00:25.557,0,2026-09-09 02:00:25.557,57,2026-09-09 02:00:25.557,55,2026-09-09 02:00:25.557,1,2026-09-09 02:00:25.557,1,2026-09-09 02:00:25.557,28,2026-09-09 02:00:25.557,0,2026-09-09 02:00:25.557,0,2026-09-09 02:00:25.557,3,2026-09-09 02:00:25.557,44,2026-09-09 02:00:25.557,,,,,,,100,2026-09-09 02:00:25.557,100,2026-09-09 02:00:25.557,,,,,,,,,,,123.6764679,2026-09-09 02:00:25.557,125.75757599,2026-09-09 02:00:25.557,114.67742157,2026-09-09 02:00:25.557,0,2026-09-09 02:00:25.557,0,2026-09-09 02:00:25.557,0,2026-09-09 02:00:25.557,24.876848221,2026-09-09 08:00:23.467,,,,,,,,,,,,,,,,,,,,,,,,,,,,,0,2026-09-09 08:45:23.123,58,2026-09-09 08:45:23.123,50,2026-09-09 08:45:23.123,0,2026-08-05 15:39:17.440
44128-0,FlexNet ID: 50409427,Yes,2024-12-06 11:13:03.490,Yes,2024-12-06 11:13:03.490,,,0,2024-12-06 11:13:03.490,Online,2024-12-06 11:13:03.490,Online,2024-12-06 11:13:03.490,,,Normal,2024-12-06 11:13:03.490,Normal,2024-12-06 11:13:03.490,Fuse Blown,2024-12-06 11:13:03.490,,,,,,,,,,,,,,,,,,,,,Alarm,2024-12-06 11:13:03.490,0,2024-12-06 11:13:03.490,50409427,2024-12-06 11:13:03.490,4100004,2024-12-06 11:13:03.490,36.800003052,2024-12-06 11:13:03.490,38.700012207,2024-12-06 11:13:03.490,0,2024-12-06 11:13:03.490,0,2024-12-06 11:13:03.490,12,2024-12-06 11:13:03.490,36,2024-12-06 11:13:03.490,7,2024-12-06 11:13:03.490,7,2024-12-06 11:13:03.490,20,2024-12-06 11:13:03.490,0,2024-12-06 11:13:03.490,0,2024-12-06 11:13:03.490,10,2024-12-06 11:13:03.490,30,2024-12-06 11:13:03.490,,,,,,,100,2024-12-06 11:13:03.490,100,2024-12-06 11:13:03.490,,,,,,,,,,,129.54545593,2024-12-06 11:13:03.490,131.06060791,2024-12-06 11:13:03.490,119.48275757,2024-12-06 11:13:03.490,0,2024-12-06 11:13:03.490,0,2024-12-06 11:13:03.490,0,2024-12-06 11:13:03.490,7.8817734718,2024-12-06 11:13:03.490,,,,,,,,,,,,,,,,,,,,,,,,,,,,,0,2024-12-06 10:56:58.399,41,2024-12-06 10:56:58.399,40,2024-12-06 10:56:58.399,2,2024-12-06 11:13:03.490
44433-0,FlexNet ID: 50409481,Yes,2026-09-08 13:32:06.230,Yes,2026-09-08 13:32:06.230,,,,,Online,2026-09-08 13:32:06.230,Online,2026-09-08 13:32:06.230,,,Normal,2026-09-08 13:32:06.230,Normal,2026-09-08 13:32:06.230,Normal,2026-09-08 13:32:06.230,,,,,,,,,,,,,,,,,,,,,Normal,2026-05-05 21:21:43.964,0,2026-05-05 21:21:57.394,50409481,2026-05-05 21:21:57.394,4110005,2026-05-05 21:21:57.394,31.5,2026-09-08 13:32:06.230,31.399999619,2026-09-08 13:32:06.230,0,2026-09-08 13:32:06.230,0,2026-09-08 13:32:06.230,38,2026-09-08 13:32:06.230,32,2026-09-08 13:32:06.230,11,2026-09-08 13:32:06.230,11,2026-09-08 13:32:06.230,21,2026-09-08 13:32:06.230,0,2026-09-08 13:32:06.230,0,2026-09-08 13:32:06.230,17,2026-09-08 13:32:06.230,31,2026-09-08 13:32:06.230,,,,,,,100,2026-09-08 13:32:06.230,100,2026-09-08 13:32:06.230,,,,,,,,,,,125.75757599,2026-09-08 13:32:06.230,135.16667175,2026-09-08 13:32:06.230,0,2026-09-08 13:32:06.230,1,2026-09-08 13:32:06.230,9,2026-09-08 13:32:06.230,11.477186203,2026-09-08 13:32:06.230,23.645320892,2026-09-09 07:32:06.859,,,,,,,,,,,,,,,,,,,,,,,,,,,,,0,2026-09-09 08:47:06.664,24,2026-09-09 08:47:06.664,30,2026-09-09 08:47:06.664,0,2026-05-05 21:21:43.964
44432-0,FlexNet ID: 50409541,Yes,2025-08-13 18:25:29.516,Yes,2025-08-13 18:25:29.516,,,,,Online,2025-08-13 18:25:29.516,Online,2025-08-13 18:25:29.516,,,Normal,2025-08-13 18:25:29.516,Normal,2025-08-13 18:25:29.516,Fuse Blown,2025-08-13 18:25:29.516,,,,,,,,,,,,,,,,,,,,,Alarm,2025-08-13 18:25:29.516,0,2025-08-13 18:25:29.516,50409541,2025-08-13 18:25:29.516,4110005,2025-08-13 18:25:29.516,25.599998474,2025-08-13 18:25:29.516,20.699998856,2025-08-13 18:25:29.516,0,2025-08-13 18:25:29.516,0,2025-08-13 18:25:29.516,27,2025-08-13 18:25:29.516,23,2025-08-13 18:25:29.516,25,2025-08-13 18:25:29.516,25,2025-08-13 18:25:29.516,37,2025-08-13 18:25:29.516,0,2025-08-13 18:25:29.516,0,2025-08-13 18:25:29.516,37,2025-08-13 18:25:29.516,53,2025-08-13 18:25:29.516,,,,,,,100,2025-08-13 18:25:29.516,100,2025-08-13 18:25:29.516,,,,,,,,,,,126.51515198,2025-08-13 18:25:29.516,131.66667175,2025-08-13 18:25:29.516,0,2025-08-13 18:25:29.516,0,2025-08-13 18:25:29.516,1,2025-08-13 18:25:29.516,11.491881371,2025-08-13 18:25:29.516,41.871921539,2025-08-13 18:25:29.516,,,,,,,,,,,,,,,,,,,,,,,,,,,,,0,2025-08-13 18:04:17.155,24,2025-08-13 18:04:17.155,25,2025-08-13 18:04:17.155,2,2025-08-13 18:25:29.516
47247-0,FlexNet ID: 50530601,Yes,2026-09-09 03:56:29.900,Yes,2026-09-09 03:56:29.900,,,,,Online,2026-09-09 03:56:29.900,Online,2026-09-09 03:56:29.900,,,Normal,2026-09-09 03:56:29.900,Normal,2026-09-09 03:56:29.900,Normal,2026-09-09 03:56:29.900,,,,,,,,,,,,,,,,,,,,,Normal,2026-02-02 20:30:36.400,0,2026-02-02 20:30:46.411,50530601,2026-02-02 20:30:46.411,4110005,2026-02-02 20:30:46.411,53.099998474,2026-09-09 03:56:29.900,59.300003052,2026-09-09 03:56:29.900,0,2026-09-09 03:56:29.900,0,2026-09-09 03:56:29.900,63,2026-09-09 03:56:29.900,60,2026-09-09 03:56:29.900,3,2026-09-09 03:56:29.900,3,2026-09-09 03:56:29.900,23,2026-09-09 03:56:29.900,0,2026-09-09 03:56:29.900,0,2026-09-09 03:56:29.900,4,2026-09-09 03:56:29.900,33,2026-09-09 03:56:29.900,,,,,,,100,2026-09-09 03:56:29.900,100,2026-09-09 03:56:29.900,,,,,,,,,,,127.72727203,2026-09-09 03:56:29.900,155,2026-09-09 03:56:29.900,0,2026-09-09 03:56:29.900,1,2026-09-09 03:56:29.900,1,2026-09-09 03:56:29.900,9.552075386,2026-09-09 03:56:29.900,25.123151779,2026-09-09 03:56:29.050,,,,,,,,,,,,,,,,,,,,,,,,,,,,,0,2026-09-09 08:56:34.815,61,2026-09-09 08:56:34.815,48,2026-09-09 08:56:34.815,0,2026-02-02 20:30:36.400
47238-0,FlexNet ID: 50530605,Yes,2023-10-31 12:16:51.862,Yes,2023-10-31 12:16:51.862,,,,,Online,2023-10-31 12:16:51.862,Online,2023-10-31 12:16:51.862,,,Normal,2023-10-31 12:16:51.862,Normal,2023-10-31 12:16:51.862,Fuse Blown,2023-10-31 12:16:51.862,,,,,,,,,,,,,,,,,,,,,Alarm,2023-10-31 12:16:51.862,0,2023-10-31 12:16:51.862,50530605,2023-10-31 12:16:51.862,2080,2023-10-31 12:16:51.862,26.222223282,2023-10-31 12:16:51.862,29.5,2023-10-31 12:16:51.862,0,2023-10-31 12:16:51.862,0,2023-10-31 12:16:51.862,28,2023-10-31 12:16:51.862,31,2023-10-31 12:16:51.862,0,2023-10-31 12:16:51.862,0,2023-10-31 12:16:51.862,0,2023-10-31 12:16:51.862,0,2023-10-31 12:16:51.862,0,2023-10-31 12:16:51.862,1,2023-10-31 12:16:51.862,0,2023-10-31 12:16:51.862,,,,,,,100,2023-10-31 12:16:51.862,100,2023-10-31 12:16:51.862,,,,,,,,,,,130.15151978,2023-10-31 12:16:51.862,131.21212769,2023-10-31 12:16:51.862,124.70587921,2023-10-31 12:16:51.862,0,2023-10-31 12:16:51.862,0,2023-10-31 12:16:51.862,0,2023-10-31 12:16:51.862,14.778325081,2023-10-31 12:16:51.862,,,,,,,,,,,,,,,,,,,,,,,,,,,,,0,2023-10-31 12:00:44.426,31,2023-10-31 12:00:44.426,28,2023-10-31 12:00:44.426,2,2023-10-31 12:16:51.862
47248-0,FlexNet ID: 50530607,Yes,2026-09-09 01:26:39.998,Yes,2026-09-09 01:26:39.998,,,,,Online,2026-09-09 01:26:39.998,Online,2026-09-09 01:26:39.998,,,Normal,2026-09-09 01:26:39.998,Normal,2026-09-09 01:26:39.998,Normal,2026-09-09 01:26:39.998,,,,,,,,,,,,,,,,,,,,,Normal,2026-09-08 18:41:42.800,0,2026-09-08 18:42:08.027,50530607,2026-09-08 18:42:08.027,4110005,2026-09-08 18:42:08.027,19.899999619,2026-09-09 01:26:39.998,10.300000191,2026-09-09 01:26:39.998,0,2026-09-09 01:26:39.998,0,2026-09-09 01:26:39.998,19,2026-09-09 01:26:39.998,10,2026-09-09 01:26:39.998,1,2026-09-09 01:26:39.998,1,2026-09-09 01:26:39.998,42,2026-09-09 01:26:39.998,0,2026-09-09 01:26:39.998,0,2026-09-09 01:26:39.998,2,2026-09-09 01:26:39.998,72,2026-09-09 01:26:39.998,,,,,,,100,2026-09-09 01:26:39.998,100,2026-09-09 01:26:39.998,,,,,,,,,,,128.48484802,2026-09-09 01:26:39.998,138.66667175,2026-09-09 01:26:39.998,0,2026-09-09 01:26:39.998,1,2026-09-09 01:26:39.998,1,2026-09-09 01:26:39.998,11.300840378,2026-09-09 01:26:39.998,21.674877167,2026-09-09 07:26:36.132,,,,,,,,,,,,,,,,,,,,,,,,,,,,,0,2026-09-09 08:56:42.627,9,2026-09-09 08:56:42.627,26,2026-09-09 08:56:42.627,0,2026-09-08 18:41:42.800
47240-0,FlexNet ID: 50530608,Yes,2026-09-09 01:26:36.997,Yes,2026-09-09 01:26:36.997,,,,,Online,2026-09-09 01:26:36.997,Online,2026-09-09 01:26:36.997,,,Normal,2026-09-09 01:26:36.997,Normal,2026-09-09 01:26:36.997,Normal,2026-09-09 01:26:36.997,,,,,,,,,,,,,,,,,,,,,Normal,2026-07-10 09:43:27.938,0,2026-07-10 09:45:03.212,50530608,2026-07-10 09:45:03.212,4110005,2026-07-10 09:45:03.212,31.400001526,2026-09-09 01:26:36.997,25.900001526,2026-09-09 01:26:36.997,0,2026-09-09 01:26:36.997,0,2026-09-09 01:26:36.997,30,2026-09-09 01:26:36.997,31,2026-09-09 01:26:36.997,0,2026-09-09 01:26:36.997,0,2026-09-09 01:26:36.997,23,2026-09-09 01:26:36.997,0,2026-09-09 01:26:36.997,0,2026-09-09 01:26:36.997,0,2026-09-09 01:26:36.997,32,2026-09-09 01:26:36.997,,,,,,,100,2026-09-09 01:26:36.997,100,2026-09-09 01:26:36.997,,,,,,,,,,,127.12121582,2026-09-09 01:26:36.997,138.66667175,2026-09-09 01:26:36.997,0,2026-09-09 01:26:36.997,1,2026-09-09 01:26:36.997,1,2026-09-09 01:26:36.997,9.4198160172,2026-09-09 01:26:36.997,23.399015427,2026-09-09 07:26:34.282,,,,,,,,,,,,,,,,,,,,,,,,,,,,,0,2026-09-09 08:56:37.583,27,2026-09-09 08:56:37.583,31,2026-09-09 08:56:37.583,0,2026-07-10 09:43:27.938
47243-0,FlexNet ID: 50530610,Yes,2026-09-09 03:56:31.956,Yes,2026-09-09 03:56:31.956,,,,,Online,2026-09-09 03:56:31.956,Online,2026-09-09 03:56:31.956,,,Normal,2026-09-09 03:56:31.956,Normal,2026-09-09 03:56:31.956,Normal,2026-09-09 03:56:31.956,,,,,,,,,,,,,,,,,,,,,Normal,2026-09-08 18:41:36.102,0,2026-09-08 18:41:51.216,50530610,2026-09-08 18:41:51.216,4110005,2026-09-08 18:41:51.216,21.199998856,2026-09-09 03:56:31.956,28.900001526,2026-09-09 03:56:31.956,0,2026-09-09 03:56:31.956,0,2026-09-09 03:56:31.956,24,2026-09-09 03:56:31.956,27,2026-09-09 03:56:31.956,2,2026-09-09 03:56:31.956,2,2026-09-09 03:56:31.956,24,2026-09-09 03:56:31.956,0,2026-09-09 03:56:31.956,0,2026-09-09 03:56:31.956,3,2026-09-09 03:56:31.956,35,2026-09-09 03:56:31.956,,,,,,,100,2026-09-09 03:56:31.956,100,2026-09-09 03:56:31.956,,,,,,,,,,,127.42424011,2026-09-09 03:56:31.956,144.35484314,2026-09-09 03:56:31.956,0,2026-09-09 03:56:31.956,1,2026-09-09 03:56:31.956,1,2026-09-09 03:56:31.956,8.8466911316,2026-09-09 03:56:31.956,23.645320892,2026-09-09 03:56:31.042,,,,,,,,,,,,,,,,,,,,,,,,,,,,,0,2026-09-09 08:56:35.547,27,2026-09-09 08:56:35.547,20,2026-09-09 08:56:35.547,0,2026-09-08 18:41:36.102
47249-0,FlexNet ID: 50530612,Yes,2026-09-08 17:33:47.294,Yes,2026-09-08 17:33:47.294,,,,,Online,2026-09-08 17:33:47.294,Online,2026-09-08 17:33:47.294,,,Normal,2026-09-08 17:33:47.294,Normal,2026-09-08 17:33:47.294,Normal,2026-09-08 17:33:47.294,,,,,,,,,,,,,,,,,,,,,Normal,2026-03-10 21:13:12.235,0,2026-03-10 21:13:30.312,50530612,2026-03-10 21:13:30.312,4110005,2026-03-10 21:13:30.312,56.299999237,2026-09-08 17:33:47.294,75.5,2026-09-08 17:33:47.294,0,2026-09-08 17:33:47.294,0,2026-09-08 17:33:47.294,60,2026-09-08 17:33:47.294,74,2026-09-08 17:33:47.294,13,2026-09-08 17:33:47.294,13,2026-09-08 17:33:47.294,21,2026-09-08 17:33:47.294,0,2026-09-08 17:33:47.294,0,2026-09-08 17:33:47.294,20,2026-09-08 17:33:47.294,31,2026-09-08 17:33:47.294,,,,,,,100,2026-09-08 17:33:47.294,100,2026-09-08 17:33:47.294,,,,,,,,,,,128.48484802,2026-09-08 17:33:47.294,137.16667175,2026-09-08 17:33:47.294,0,2026-09-08 17:33:47.294,1,2026-09-08 17:33:47.294,1,2026-09-08 17:33:47.294,11.491881371,2026-09-08 17:33:47.294,25.862068176,2026-09-09 05:33:46.111,,,,,,,,,,,,,,,,,,,,,,,,,,,,,0,2026-09-09 08:48:49.487,57,2026-09-09 08:48:49.487,48,2026-09-09 08:48:49.487,0,2026-03-10 21:13:12.235
47472-0,FlexNet ID: 50530723,Yes,2026-09-08 10:16:45.325,Yes,2026-09-08 10:16:45.325,,,,,Online,2026-09-08 10:16:45.325,Online,2026-09-08 10:16:45.325,,,Normal,2026-09-08 10:16:45.325,Normal,2026-09-08 10:16:45.325,Fuse Blown,2026-09-08 10:16:45.325,,,,,,,,,,,,,,,,,,,,,Normal,2026-09-02 10:17:01.460,0,2026-09-02 10:17:09.379,50530723,2026-09-02 10:17:09.379,4110005,2026-09-02 10:17:09.379,45,2026-09-08 10:16:45.325,42.300003052,2026-09-08 10:16:45.325,0,2026-09-08 10:16:45.325,0,2026-09-08 10:16:45.325,40,2026-09-08 10:16:45.325,41,2026-09-08 10:16:45.325,13,2026-09-08 10:16:45.325,13,2026-09-08 10:16:45.325,29,2026-09-08 10:16:45.325,0,2026-09-08 10:16:45.325,0,2026-09-08 10:16:45.325,22,2026-09-08 10:16:45.325,48,2026-09-08 10:16:45.325,,,,,,,100,2026-09-08 10:16:45.325,100,2026-09-08 10:16:45.325,,,,,,,,,,,127.12121582,2026-09-08 10:16:45.325,131.06060791,2026-09-08 10:16:45.325,108.59375,2026-09-08 10:16:45.325,0,2026-09-08 10:16:45.325,0,2026-09-08 10:16:45.325,0,2026-09-08 10:16:45.325,23.399015427,2026-09-09 04:16:47.010,,,,,,,,,,,,,,,,,,,,,,,,,,,,,0,2026-09-09 08:46:45.393,43,2026-09-09 08:46:45.393,36,2026-09-09 08:46:45.393,0,2026-09-02 10:17:01.460
47250-0,FlexNet ID: 50530745,Yes,2026-09-08 15:50:08.435,Yes,2026-09-08 15:50:08.435,,,,,Online,2026-09-08 15:50:08.435,Online,2026-09-08 15:50:08.435,,,Normal,2026-09-08 15:50:08.435,Normal,2026-09-08 15:50:08.435,Normal,2026-09-08 15:50:08.435,,,,,,,,,,,,,,,,,,,,,Normal,2026-05-05 21:16:34.752,0,2026-05-05 21:16:48.777,50530745,2026-05-05 21:16:48.777,4110005,2026-05-05 21:16:48.777,62.599998474,2026-09-08 15:50:08.435,45.700000763,2026-09-08 15:50:08.435,0,2026-09-08 15:50:08.435,0,2026-09-08 15:50:08.435,64,2026-09-08 15:50:08.435,48,2026-09-08 15:50:08.435,12,2026-09-08 15:50:08.435,12,2026-09-08 15:50:08.435,21,2026-09-08 15:50:08.435,0,2026-09-08 15:50:08.435,0,2026-09-08 15:50:08.435,18,2026-09-08 15:50:08.435,30,2026-09-08 15:50:08.435,,,,,,,100,2026-09-08 15:50:08.435,100,2026-09-08 15:50:08.435,,,,,,,,,,,125,2026-09-08 15:50:08.435,130.90908813,2026-09-08 15:50:08.435,80.94594574,2026-09-08 15:50:08.435,1,2026-09-08 15:50:08.435,1,2026-09-08 15:50:08.435,10.933452606,2026-09-08 15:50:08.435,23.152709961,2026-09-09 03:50:05.900,,,,,,,,,,,,,,,,,,,,,,,,,,,,,0,2026-09-09 08:50:03.391,46,2026-09-09 08:50:03.391,63,2026-09-09 08:50:03.391,0,2026-05-05 21:16:34.752
47239-0,FlexNet ID: 50530747,Yes,2026-09-08 15:50:09.948,Yes,2026-09-08 15:50:09.948,,,,,Online,2026-09-08 15:50:09.948,Online,2026-09-08 15:50:09.948,,,Normal,2026-09-08 15:50:09.948,Normal,2026-09-08 15:50:09.948,Normal,2026-09-08 15:50:09.948,,,,,,,,,,,,,,,,,,,,,Normal,2026-05-05 21:35:09.871,0,2026-05-05 21:35:25.861,50530747,2026-05-05 21:35:25.861,4110005,2026-05-05 21:35:25.861,30,2026-09-08 15:50:09.948,32.599998474,2026-09-08 15:50:09.948,0,2026-09-08 15:50:09.948,0,2026-09-08 15:50:09.948,34,2026-09-08 15:50:09.948,38,2026-09-08 15:50:09.948,13,2026-09-08 15:50:09.948,13,2026-09-08 15:50:09.948,19,2026-09-08 15:50:09.948,0,2026-09-08 15:50:09.948,0,2026-09-08 15:50:09.948,19,2026-09-08 15:50:09.948,30,2026-09-08 15:50:09.948,,,,,,,100,2026-09-08 15:50:09.948,100,2026-09-08 15:50:09.948,,,,,,,,,,,124.11764526,2026-09-08 15:50:09.948,129.39393616,2026-09-08 15:50:09.948,72.03704071,2026-09-08 15:50:09.948,1,2026-09-08 15:50:09.948,4,2026-09-08 15:50:09.948,12.27074337,2026-09-08 15:50:09.948,24.384237289,2026-09-09 03:50:10.025,,,,,,,,,,,,,,,,,,,,,,,,,,,,,0,2026-09-09 08:50:05.169,25,2026-09-09 08:50:05.169,26,2026-09-09 08:50:05.169,0,2026-05-05 21:35:09.871
47260-0,FlexNet ID: 50530751,Yes,2026-09-09 03:57:06.950,Yes,2026-09-09 03:57:06.950,,,,,Online,2026-09-09 03:57:06.950,Online,2026-09-09 03:57:06.950,,,Normal,2026-09-09 03:57:06.950,Normal,2026-09-09 03:57:06.950,Fuse Blown,2026-09-09 03:57:06.950,,,,,,,,,,,,,,,,,,,,,Normal,2026-02-02 20:30:34.713,0,2026-08-17 03:57:48.025,50530751,2026-08-17 03:57:48.025,4110005,2026-08-17 03:57:48.025,54.099998474,2026-09-09 03:57:06.950,55.5,2026-09-09 03:57:06.950,0,2026-09-09 03:57:06.950,0,2026-09-09 03:57:06.950,57,2026-09-09 03:57:06.950,57,2026-09-09 03:57:06.950,3,2026-09-09 03:57:06.950,3,2026-09-09 03:57:06.950,22,2026-09-09 03:57:06.950,0,2026-09-09 03:57:06.950,0,2026-09-09 03:57:06.950,4,2026-09-09 03:57:06.950,31,2026-09-09 03:57:06.950,,,,,,,100,2026-09-09 03:57:06.950,100,2026-09-09 03:57:06.950,,,,,,,,,,,127.42424011,2026-09-09 03:57:06.950,131.21212769,2026-09-09 03:57:06.950,82.027023315,2026-09-09 03:57:06.950,0,2026-09-09 03:57:06.950,0,2026-09-09 03:57:06.950,0,2026-09-09 03:57:06.950,24.137931824,2026-09-09 03:57:06.110,,,,,,,,,,,,,,,,,,,,,,,,,,,,,0,2026-09-09 08:57:05.545,54,2026-09-09 08:57:05.545,54,2026-09-09 08:57:05.545,0,2026-02-02 20:30:34.713
47256-0,FlexNet ID: 50530754,Yes,2026-08-20 18:01:32.609,Yes,2026-08-20 18:01:32.609,,,,,Online,2026-08-20 18:01:32.609,Online,2026-08-20 18:01:32.609,,,Normal,2026-08-20 18:01:32.609,AC Voltage Not Present,2026-08-20 18:01:32.609,Normal,2026-08-20 18:01:32.609,,,,,,,,,,,,,,,,,,,,,Alarm,2026-08-20 18:01:32.609,0,2026-08-20 18:01:32.609,50530754,2026-08-20 18:01:32.609,4110005,2026-08-20 18:01:32.609,41.799999237,2026-08-20 18:01:32.609,50.599994659,2026-08-20 18:01:32.609,0,2026-08-20 18:01:32.609,0,2026-08-20 18:01:32.609,23,2026-08-20 18:01:32.609,57,2026-08-20 18:01:32.609,17,2026-08-20 18:01:32.609,17,2026-08-20 18:01:32.609,21,2026-08-20 18:01:32.609,0,2026-08-20 18:01:32.609,0,2026-08-20 18:01:32.609,27,2026-08-20 18:01:32.609,33,2026-08-20 18:01:32.609,,,,,,,100,2026-08-20 18:01:32.609,100,2026-08-20 18:01:32.609,,,,,,,,,,,98.54838562,2026-08-20 18:01:32.609,130,2026-08-20 18:01:32.609,0,2026-08-20 18:01:32.609,3,2026-08-20 18:01:32.609,1,2026-08-20 18:01:32.609,10.948147774,2026-08-20 18:01:32.609,32.512313843,2026-08-20 18:01:32.609,,,,,,,,,,,,,,,,,,,,,,,,,,,,,0,2026-08-20 17:45:29.162,50,2026-08-20 17:45:29.162,55,2026-08-20 17:45:29.162,2,2026-08-20 18:01:32.609
47251-0,FlexNet ID: 50530756,Yes,2024-01-31 11:09:17.035,Yes,2024-01-31 11:09:17.035,,,,,Online,2024-01-31 11:09:17.035,Online,2024-01-31 11:09:17.035,,,Normal,2024-01-31 11:09:17.035,Normal,2024-01-31 11:09:17.035,Fuse Blown,2024-01-31 11:09:17.035,,,,,,,,,,,,,,,,,,,,,Alarm,2024-01-31 11:09:17.035,0,2024-01-31 11:09:17.035,50530756,2024-01-31 11:09:17.035,490003,2024-01-31 11:09:17.035,25,2024-01-31 11:09:17.035,26.800001144,2024-01-31 11:09:17.035,0,2024-01-31 11:09:17.035,0,2024-01-31 11:09:17.035,27,2024-01-31 11:09:17.035,26,2024-01-31 11:09:17.035,106,2024-01-31 11:09:17.035,106,2024-01-31 11:09:17.035,1,2024-01-31 11:09:17.035,0,2024-01-31 11:09:17.035,0,2024-01-31 11:09:17.035,0,2024-01-31 11:09:17.035,1,2024-01-31 11:09:17.035,,,,,,,100,2024-01-31 11:09:17.035,100,2024-01-31 11:09:17.035,,,,,,,,,,,128.93939209,2024-01-31 11:09:17.035,133.93939209,2024-01-31 11:09:17.035,0,2024-01-31 11:09:17.035,0,2024-01-31 11:09:17.035,3,2024-01-31 11:09:17.035,11.859269142,2024-01-31 11:09:17.035,7.8817734718,2024-01-31 11:09:17.035,,,,,,,,,,,,,,,,,,,,,,,,,,,,,0,2024-01-31 10:53:10.537,27,2024-01-31 10:53:10.537,25,2024-01-31 10:53:10.537,2,2024-01-31 11:09:17.035
47236-0,FlexNet ID: 50530757,Yes,2021-08-11 01:15:52.305,Yes,2021-08-11 01:15:52.305,,,,,Online,2021-08-11 01:15:52.305,Online,2021-08-11 01:15:52.305,,,Normal,2021-08-11 01:15:52.305,Normal,2021-08-11 01:15:52.305,Normal,2021-08-11 01:15:52.305,,,,,,,,,,,,,,,,,,,,,Alarm,2021-08-11 01:15:52.305,0,2021-08-11 01:15:52.305,50530757,2021-08-11 01:15:52.305,3399,2021-08-11 01:15:52.305,27.75,2021-08-11 01:15:52.305,33.25,2021-08-11 01:15:52.305,0,2021-08-11 01:15:52.305,0,2021-08-11 01:15:52.305,16,2021-08-11 01:15:52.305,33,2021-08-11 01:15:52.305,0,2021-08-11 01:15:52.305,0,2021-08-11 01:15:52.305,16,2021-08-11 01:15:52.305,0,2021-08-11 01:15:52.305,0,2021-08-11 01:15:52.305,1,2021-08-11 01:15:52.305,25,2021-08-11 01:15:52.305,,,,,,,100,2021-08-11 01:15:52.305,100,2021-08-11 01:15:52.305,,,,,,,,,,,124.26470947,2021-08-11 01:15:52.305,125.15151215,2021-08-11 01:15:52.305,116.55172729,2021-08-11 01:15:52.305,1,2021-08-11 01:15:52.305,0,2021-08-11 01:15:52.305,0,2021-08-11 01:15:52.305,26.600984573,2021-08-11 01:15:52.305,,,,,,,,,,,,,,,,,,,,,,,,,,,,,0,2021-08-11 01:15:52.305,34,2021-08-11 01:15:52.305,24,2021-08-11 01:15:52.305,2,2021-08-11 01:15:52.305
47241-0,FlexNet ID: 50530759,Yes,2026-09-08 17:43:43.850,Yes,2026-09-08 17:43:43.850,,,,,Online,2026-09-08 17:43:43.850,Online,2026-09-08 17:43:43.850,,,Normal,2026-09-08 17:43:43.850,Normal,2026-09-08 17:43:43.850,Normal,2026-09-08 17:43:43.850,,,,,,,,,,,,,,,,,,,,,Normal,2026-07-12 03:23:08.292,0,2026-07-12 03:23:08.292,50530759,2026-07-12 03:23:08.292,4110005,2026-07-12 03:23:08.292,48.300003052,2026-09-08 17:43:43.850,42.099994659,2026-09-08 17:43:43.850,0,2026-09-08 17:43:43.850,0,2026-09-08 17:43:43.850,65,2026-09-08 17:43:43.850,44,2026-09-08 17:43:43.850,28,2026-09-08 17:43:43.850,28,2026-09-08 17:43:43.850,41,2026-09-08 17:43:43.850,0,2026-09-08 17:43:43.850,0,2026-09-08 17:43:43.850,40,2026-09-08 17:43:43.850,57,2026-09-08 17:43:43.850,,,,,,,100,2026-09-08 17:43:43.850,100,2026-09-08 17:43:43.850,,,,,,,,,,,122.94117737,2026-09-08 17:43:43.850,141.93548584,2026-09-08 17:43:43.850,0,2026-09-08 17:43:43.850,1,2026-09-08 17:43:43.850,4,2026-09-08 17:43:43.850,12.153179169,2026-09-08 17:43:43.850,23.152709961,2026-09-09 05:43:40.941,,,,,,,,,,,,,,,,,,,,,,,,,,,,,0,2026-09-09 08:58:43.322,50,2026-09-09 08:58:43.322,49,2026-09-09 08:58:43.322,0,2026-07-12 03:23:08.292
47255-0,FlexNet ID: 50530761,Yes,2026-07-05 04:42:29.842,Yes,2026-07-05 04:42:29.842,,,,,Online,2026-07-05 04:42:29.842,Online,2026-07-05 04:42:29.842,,,Normal,2026-07-05 04:42:29.842,Normal,2026-07-05 04:42:29.842,Fuse Blown,2026-07-05 04:42:29.842,,,,,,,,,,,,,,,,,,,,,Alarm,2026-07-05 04:42:29.842,0,2026-07-05 04:42:29.842,50530761,2026-07-05 04:42:29.842,490003,2026-07-05 04:42:29.842,9.8999986649,2026-07-05 04:42:29.842,21,2026-07-05 04:42:29.842,0,2026-07-05 04:42:29.842,0,2026-07-05 04:42:29.842,9,2026-07-05 04:42:29.842,24,2026-07-05 04:42:29.842,17,2026-07-05 04:42:29.842,17,2026-07-05 04:42:29.842,25,2026-07-05 04:42:29.842,0,2026-07-05 04:42:29.842,0,2026-07-05 04:42:29.842,22,2026-07-05 04:42:29.842,32,2026-07-05 04:42:29.842,,,,,,,100,2026-07-05 04:42:29.842,100,2026-07-05 04:42:29.842,,,,,,,,,,,124.70587921,2026-07-05 04:42:29.842,130.75756836,2026-07-05 04:42:29.842,52.8125,2026-07-05 04:42:29.842,0,2026-07-05 04:42:29.842,0,2026-07-05 04:42:29.842,0,2026-07-05 04:42:29.842,28.817733765,2026-07-05 04:42:29.842,,,,,,,,,,,,,,,,,,,,,,,,,,,,,0,2026-07-05 04:26:31.098,16,2026-07-05 04:26:31.098,5,2026-07-05 04:26:31.098,2,2026-07-05 04:42:29.842
47258-0,FlexNet ID: 50530762,Yes,2026-09-08 19:49:13.172,Yes,2026-09-08 19:49:13.172,,,,,Online,2026-09-08 19:49:13.172,Online,2026-09-08 19:49:13.172,,,Normal,2026-09-08 19:49:13.172,Normal,2026-09-08 19:49:13.172,Normal,2026-09-08 19:49:13.172,,,,,,,,,,,,,,,,,,,,,Normal,2026-08-20 19:49:26.481,0,2026-08-20 19:49:36.215,50530762,2026-08-20 19:49:36.215,4110005,2026-08-20 19:49:36.215,49.799999237,2026-09-08 19:49:13.172,39.700000763,2026-09-08 19:49:13.172,0,2026-09-08 19:49:13.172,0,2026-09-08 19:49:13.172,37,2026-09-08 19:49:13.172,39,2026-09-08 19:49:13.172,15,2026-09-08 19:49:13.172,15,2026-09-08 19:49:13.172,17,2026-09-08 19:49:13.172,0,2026-09-08 19:49:13.172,0,2026-09-08 19:49:13.172,23,2026-09-08 19:49:13.172,27,2026-09-08 19:49:13.172,,,,,,,100,2026-09-08 19:49:13.172,100,2026-09-08 19:49:13.172,,,,,,,,,,,123.97058868,2026-09-08 19:49:13.172,130,2026-09-08 19:49:13.172,79.800003052,2026-09-08 19:49:13.172,1,2026-09-08 19:49:13.172,1,2026-09-08 19:49:13.172,11.477186203,2026-09-08 19:49:13.172,23.152709961,2026-09-09 07:49:13.511,,,,,,,,,,,,,,,,,,,,,,,,,,,,,0,2026-09-09 08:49:09.411,42,2026-09-09 08:49:09.411,58,2026-09-09 08:49:09.411,0,2026-08-20 19:49:26.481
47246-0,FlexNet ID: 50530764,Yes,2026-09-09 03:56:32.873,Yes,2026-09-09 03:56:32.873,,,,,Online,2026-09-09 03:56:32.873,Online,2026-09-09 03:56:32.873,,,Normal,2026-09-09 03:56:32.873,Normal,2026-09-09 03:56:32.873,Normal,2026-09-09 03:56:32.873,,,,,,,,,,,,,,,,,,,,,Normal,2026-07-13 12:55:49.408,0,2026-07-13 13:15:06.362,50530764,2026-07-13 13:15:06.362,4110005,2026-07-13 13:15:06.362,24.5,2026-09-09 03:56:32.873,40.299999237,2026-09-09 03:56:32.873,0,2026-09-09 03:56:32.873,0,2026-09-09 03:56:32.873,25,2026-09-09 03:56:32.873,44,2026-09-09 03:56:32.873,2,2026-09-09 03:56:32.873,2,2026-09-09 03:56:32.873,21,2026-09-09 03:56:32.873,0,2026-09-09 03:56:32.873,0,2026-09-09 03:56:32.873,3,2026-09-09 03:56:32.873,30,2026-09-09 03:56:32.873,,,,,,,100,2026-09-09 03:56:32.873,100,2026-09-09 03:56:32.873,,,,,,,,,,,128.33332825,2026-09-09 03:56:32.873,133.93939209,2026-09-09 03:56:32.873,0,2026-09-09 03:56:32.873,1,2026-09-09 03:56:32.873,1,2026-09-09 03:56:32.873,10.713020325,2026-09-09 03:56:32.873,23.645320892,2026-09-09 03:56:30.945,,,,,,,,,,,,,,,,,,,,,,,,,,,,,0,2026-09-09 08:56:37.062,42,2026-09-09 08:56:37.062,19,2026-09-09 08:56:37.062,0,2026-07-13 12:55:49.408
47244-0,FlexNet ID: 50530765,Yes,2026-07-06 15:55:46.539,Yes,2026-07-06 15:55:46.539,,,,,Online,2026-07-06 15:55:46.539,Online,2026-07-06 15:55:46.539,,,Normal,2026-07-06 15:55:46.539,Normal,2026-07-06 15:55:46.539,Fuse Blown,2026-07-06 15:55:46.539,,,,,,,,,,,,,,,,,,,,,Alarm,2026-07-06 15:55:46.539,0,2026-07-06 15:55:46.539,50530765,2026-07-06 15:55:46.539,490003,2026-07-06 15:55:46.539,19.800003052,2026-07-06 15:55:46.539,26.100000381,2026-07-06 15:55:46.539,0,2026-07-06 15:55:46.539,0,2026-07-06 15:55:46.539,17,2026-07-06 15:55:46.539,30,2026-07-06 15:55:46.539,9,2026-07-06 15:55:46.539,9,2026-07-06 15:55:46.539,17,2026-07-06 15:55:46.539,0,2026-07-06 15:55:46.539,0,2026-07-06 15:55:46.539,13,2026-07-06 15:55:46.539,25,2026-07-06 15:55:46.539,,,,,,,100,2026-07-06 15:55:46.539,100,2026-07-06 15:55:46.539,,,,,,,,,,,127.57575989,2026-07-06 15:55:46.539,131.3636322,2026-07-06 15:55:46.539,98.87096405,2026-07-06 15:55:46.539,0,2026-07-06 15:55:46.539,0,2026-07-06 15:55:46.539,0,2026-07-06 15:55:46.539,38.177341461,2026-07-06 15:55:46.539,,,,,,,,,,,,,,,,,,,,,,,,,,,,,0,2026-07-06 15:55:16.445,13,2026-07-06 15:55:16.445,16,2026-07-06 15:55:16.445,2,2026-07-06 15:55:46.539
47259-0,FlexNet ID: 50530766,Yes,2026-09-09 03:57:24.441,Yes,2026-09-09 03:57:24.441,,,,,Online,2026-09-09 03:57:24.441,Online,2026-09-09 03:57:24.441,,,Normal,2026-09-09 03:57:24.441,Normal,2026-09-09 03:57:24.441,Normal,2026-09-09 03:57:24.441,,,,,,,,,,,,,,,,,,,,,Normal,2026-02-02 20:30:32.175,0,2026-08-17 03:57:33.661,50530766,2026-08-17 03:57:33.661,4110005,2026-08-17 03:57:33.661,44.199996948,2026-09-09 03:57:24.441,48.899997711,2026-09-09 03:57:24.441,0,2026-09-09 03:57:24.441,0,2026-09-09 03:57:24.441,50,2026-09-09 03:57:24.441,50,2026-09-09 03:57:24.441,2,2026-09-09 03:57:24.441,2,2026-09-09 03:57:24.441,23,2026-09-09 03:57:24.441,0,2026-09-09 03:57:24.441,0,2026-09-09 03:57:24.441,3,2026-09-09 03:57:24.441,33,2026-09-09 03:57:24.441,,,,,,,100,2026-09-09 03:57:24.441,100,2026-09-09 03:57:24.441,,,,,,,,,,,129.39393616,2026-09-09 03:57:24.441,131.21212769,2026-09-09 03:57:24.441,82.702705383,2026-09-09 03:57:24.441,1,2026-09-09 03:57:24.441,1,2026-09-09 03:57:24.441,10.5366745,2026-09-09 03:57:24.441,23.645320892,2026-09-09 03:57:23.584,,,,,,,,,,,,,,,,,,,,,,,,,,,,,0,2026-09-09 08:57:25.376,43,2026-09-09 08:57:25.376,42,2026-09-09 08:57:25.376,0,2026-02-02 20:30:32.175
47470-0,FlexNet ID: 50530792,Yes,2021-06-04 10:50:13.631,Yes,2021-06-04 10:50:13.631,,,,,Online,2021-06-04 10:50:13.631,Online,2021-06-04 10:50:13.631,,,Normal,2021-06-04 10:50:13.631,Normal,2021-06-04 10:50:13.631,Normal,2021-06-04 10:50:13.631,,,,,,,,,,,,,,,,,,,,,Alarm,2021-06-04 10:50:13.631,0,2021-06-04 10:50:13.631,50530792,2021-06-04 10:50:13.631,3399,2021-06-04 10:50:13.631,12.300000191,2021-06-04 10:50:13.631,14,2021-06-04 10:50:13.631,0,2021-06-04 10:50:13.631,0,2021-06-04 10:50:13.631,11,2021-06-04 10:50:13.631,14,2021-06-04 10:50:13.631,0,2021-06-04 10:50:13.631,0,2021-06-04 10:50:13.631,0,2021-06-04 10:50:13.631,0,2021-06-04 10:50:13.631,0,2021-06-04 10:50:13.631,0,2021-06-04 10:50:13.631,0,2021-06-04 10:50:13.631,,,,,,,100,2021-06-04 10:50:13.631,100,2021-06-04 10:50:13.631,,,,,,,,,,,122.5,2021-06-04 10:50:13.631,130.90908813,2021-06-04 10:50:13.631,0,2021-06-04 10:50:13.631,1,2021-06-04 10:50:13.631,1,2021-06-04 10:50:13.631,11.300840378,2021-06-04 10:50:13.631,25.369457245,2021-06-04 10:50:13.631,,,,,,,,,,,,,,,,,,,,,,,,,,,,,1,2021-06-04 10:50:13.631,14,2021-06-04 10:50:13.631,16,2021-06-04 10:50:13.631,2,2021-06-04 10:50:13.631
47471-0,FlexNet ID: 50530796,Yes,2026-09-09 03:59:17.334,Yes,2026-09-09 03:59:17.334,,,,,Online,2026-09-09 03:59:17.334,Online,2026-09-09 03:59:17.334,,,Normal,2026-09-09 03:59:17.334,Normal,2026-09-09 03:59:17.334,Normal,2026-09-09 03:59:17.334,,,,,,,,,,,,,,,,,,,,,Normal,2026-09-08 18:44:18.677,0,2026-09-08 18:44:29.652,50530796,2026-09-08 18:44:29.652,4110005,2026-09-08 18:44:29.652,17.799999237,2026-09-09 03:59:17.334,21.099998474,2026-09-09 03:59:17.334,0,2026-09-09 03:59:17.334,0,2026-09-09 03:59:17.334,19,2026-09-09 03:59:17.334,22,2026-09-09 03:59:17.334,3,2026-09-09 03:59:17.334,3,2026-09-09 03:59:17.334,29,2026-09-09 03:59:17.334,0,2026-09-09 03:59:17.334,0,2026-09-09 03:59:17.334,4,2026-09-09 03:59:17.334,41,2026-09-09 03:59:17.334,,,,,,,100,2026-09-09 03:59:17.334,100,2026-09-09 03:59:17.334,,,,,,,,,,,129.09091187,2026-09-09 03:59:17.334,132.57575989,2026-09-09 03:59:17.334,0,2026-09-09 03:59:17.334,1,2026-09-09 03:59:17.334,1,2026-09-09 03:59:17.334,11.168581009,2026-09-09 03:59:17.334,23.891626358,2026-09-09 03:59:16.503,,,,,,,,,,,,,,,,,,,,,,,,,,,,,0,2026-09-09 08:56:29.510,13,2026-09-09 08:56:29.510,19,2026-09-09 08:56:29.510,0,2026-09-08 18:44:18.677
49359-0,FlexNet ID: 50530991,Yes,2026-09-08 18:34:29.713,Yes,2026-09-08 18:34:29.713,,,,,Online,2026-09-08 18:34:29.713,Online,2026-09-08 18:34:29.713,,,Normal,2026-09-08 18:34:29.713,Normal,2026-09-08 18:34:29.713,Normal,2026-09-08 18:34:29.713,,,,,,,,,,,,,,,,,,,,,Normal,2026-09-08 18:33:35.376,0,2026-09-08 18:34:29.713,50530991,2026-09-08 18:34:29.713,4110005,2026-09-08 18:34:29.713,20.899999619,2026-09-08 18:34:29.713,9.4000005722,2026-09-08 18:34:29.713,0,2026-09-08 18:34:29.713,0,2026-09-08 18:34:29.713,21,2026-09-08 18:34:29.713,14,2026-09-08 18:34:29.713,31,2026-09-08 18:34:29.713,31,2026-09-08 18:34:29.713,37,2026-09-08 18:34:29.713,0,2026-09-08 18:34:29.713,0,2026-09-08 18:34:29.713,56,2026-09-08 18:34:29.713,67,2026-09-08 18:34:29.713,,,,,,,100,2026-09-09 00:41:56.729,100,2026-09-08 18:34:29.713,,,,,,,,,,,124.85294342,2026-09-08 18:34:29.713,140,2026-09-08 18:34:29.713,0,2026-09-08 18:34:29.713,1,2026-09-08 18:34:29.713,1,2026-09-08 18:34:29.713,11.433099747,2026-09-08 18:34:29.713,22.167488098,2026-09-09 03:11:39.895,,,,,,,,,,,,,,,,,,,,,,,,,,,,,0,2026-09-09 08:56:46.144,8,2026-09-09 08:56:46.144,13,2026-09-09 08:56:46.144,0,2026-09-08 18:33:35.376
49338-0,FlexNet ID: 50531019,Yes,2026-07-09 00:39:48.732,Yes,2026-07-09 00:39:48.732,,,,,Online,2026-07-09 00:39:48.732,Online,2026-07-09 00:39:48.732,,,Normal,2026-07-09 00:39:48.732,Normal,2026-07-09 00:39:48.732,Normal,2026-07-09 00:39:48.732,,,,,,,,,,,,,,,,,,,,,Alarm,2026-07-09 00:39:48.732,0,2026-07-09 00:39:48.732,50531019,2026-07-09 00:39:48.732,4110005,2026-07-09 00:39:48.732,22.399999619,2026-07-09 00:39:48.732,23,2026-07-09 00:39:48.732,0,2026-07-09 00:39:48.732,0,2026-07-09 00:39:48.732,15,2026-07-09 00:39:48.732,23,2026-07-09 00:39:48.732,0,2026-07-09 00:39:48.732,0,2026-07-09 00:39:48.732,4,2026-07-09 00:39:48.732,0,2026-07-09 00:39:48.732,0,2026-07-09 00:39:48.732,17,2026-07-09 00:39:48.732,73,2026-07-09 00:39:48.732,,,,,,,100,2026-07-09 00:39:48.732,0,2026-07-09 00:39:48.732,,,,,,,,,,,128.93939209,2026-07-09 00:39:48.732,130.30302429,2026-07-09 00:39:48.732,102.35294342,2026-07-09 00:39:48.732,1,2026-07-09 00:39:48.732,9,2026-07-09 00:39:48.732,0,2026-07-09 00:39:48.732,23.645320892,2026-07-09 00:39:48.732,,,,,,,,,,,,,,,,,,,,,,,,,,,,,1,2026-07-08 23:39:48.569,11,2026-07-08 23:39:48.569,0,2026-07-08 23:39:48.569,2,2026-07-09 00:39:48.732
49346-0,FlexNet ID: 50531178,Yes,2026-09-09 07:33:39.463,Yes,2026-09-09 07:33:39.463,,,,,Online,2026-09-09 07:33:39.463,Online,2026-09-09 07:33:39.463,,,Normal,2026-09-09 07:33:39.463,Normal,2026-09-09 07:33:39.463,Normal,2026-09-09 07:33:39.463,,,,,,,,,,,,,,,,,,,,,Normal,2026-09-02 06:06:04.931,0,2026-09-02 06:06:24.420,50531178,2026-09-02 06:06:24.420,4110005,2026-09-02 06:06:24.420,12.499999046,2026-09-09 07:33:39.463,15.599999428,2026-09-09 07:33:39.463,0,2026-09-09 07:33:39.463,0,2026-09-09 07:33:39.463,15,2026-09-09 07:33:39.463,12,2026-09-09 07:33:39.463,8,2026-09-09 07:33:39.463,8,2026-09-09 07:33:39.463,30,2026-09-09 07:33:39.463,0,2026-09-09 07:33:39.463,0,2026-09-09 07:33:39.463,11,2026-09-09 07:33:39.463,41,2026-09-09 07:33:39.463,,,,,,,100,2026-09-09 07:33:39.463,100,2026-09-09 07:33:39.463,,,,,,,,,,,122.35294342,2026-09-09 07:33:39.463,131.06060791,2026-09-09 07:33:39.463,90.606063843,2026-09-09 07:33:39.463,1,2026-09-09 07:33:39.463,2,2026-09-09 07:33:39.463,11.785791397,2026-09-09 07:33:39.463,21.921182632,2026-09-09 07:33:38.066,,,,,,,,,,,,,,,,,,,,,,,,,,,,,0,2026-09-09 08:48:27.829,15,2026-09-09 08:48:27.829,12,2026-09-09 08:48:27.829,0,2026-09-02 06:06:04.931
49360-0,FlexNet ID: 50531190,Yes,2026-07-18 15:17:13.338,Yes,2026-07-18 15:17:13.338,,,,,Online,2026-07-18 15:17:13.338,Online,2026-07-18 15:17:13.338,,,Normal,2026-07-18 15:17:13.338,AC Voltage Not Present,2026-07-18 15:17:13.338,Normal,2026-07-18 15:17:13.338,,,,,,,,,,,,,,,,,,,,,Alarm,2026-07-18 15:17:13.338,0,2026-07-18 15:17:13.338,50531190,2026-07-18 15:17:13.338,4110005,2026-07-18 15:17:13.338,22.900001526,2026-07-18 15:17:13.338,16.600000381,2026-07-18 15:17:13.338,0,2026-07-18 15:17:13.338,0,2026-07-18 15:17:13.338,12,2026-07-18 15:17:13.338,14,2026-07-18 15:17:13.338,19,2026-07-18 15:17:13.338,19,2026-07-18 15:17:13.338,24,2026-07-18 15:17:13.338,0,2026-07-18 15:17:13.338,0,2026-07-18 15:17:13.338,27,2026-07-18 15:17:13.338,35,2026-07-18 15:17:13.338,,,,,,,100,2026-07-18 15:17:13.338,100,2026-07-18 15:17:13.338,,,,,,,,,,,127.27272797,2026-07-18 15:17:13.338,131.21212769,2026-07-18 15:17:13.338,0,2026-07-18 15:17:13.338,3,2026-07-18 15:17:13.338,4,2026-07-18 15:17:13.338,12.109092712,2026-07-18 15:17:13.338,29.310344696,2026-07-18 15:17:13.338,,,,,,,,,,,,,,,,,,,,,,,,,,,,,0,2026-07-18 15:01:14.446,27,2026-07-18 15:01:14.446,16,2026-07-18 15:01:14.446,2,2026-07-18 15:17:13.338
49339-0,FlexNet id: 50531203,Yes,2026-09-08 18:42:13.883,Yes,2026-09-08 18:42:13.883,,,,,Online,2026-09-08 18:42:13.883,Online,2026-09-08 18:42:13.883,,,Normal,2026-09-08 18:42:13.883,Normal,2026-09-08 18:42:13.883,Normal,2026-09-08 18:42:13.883,,,,,,,,,,,,,,,,,,,,,Normal,2026-09-08 18:42:04.089,0,2026-09-08 18:42:13.883,50531203,2026-09-08 18:42:13.883,4110005,2026-09-08 18:42:13.883,12.900000572,2026-09-08 18:42:13.883,24.200000763,2026-09-08 18:42:13.883,0,2026-09-08 18:42:13.883,0,2026-09-08 18:42:13.883,12,2026-09-08 18:42:13.883,23,2026-09-08 18:42:13.883,20,2026-09-08 18:42:13.883,20,2026-09-08 18:42:13.883,24,2026-09-08 18:42:13.883,0,2026-09-08 18:42:13.883,0,2026-09-08 18:42:13.883,28,2026-09-08 18:42:13.883,35,2026-09-08 18:42:13.883,,,,,,,100,2026-09-08 18:42:13.883,100,2026-09-08 18:42:13.883,,,,,,,,,,,128.48484802,2026-09-08 18:42:13.883,133.93939209,2026-09-08 18:42:13.883,0,2026-09-08 18:42:13.883,1,2026-09-08 18:42:13.883,1,2026-09-08 18:42:13.883,11.491881371,2026-09-08 18:42:13.883,23.399015427,2026-09-09 03:12:00.203,,,,,,,,,,,,,,,,,,,,,,,,,,,,,0,2026-09-09 08:57:05.761,21,2026-09-09 08:57:05.761,15,2026-09-09 08:57:05.761,0,2026-09-08 18:42:04.089
49355-0,FlexNet ID: 50531204,Yes,2026-09-08 14:49:45.606,Yes,2026-09-08 14:49:45.606,,,,,Online,2026-09-08 14:49:45.606,Online,2026-09-08 14:49:45.606,,,Normal,2026-09-08 14:49:45.606,Normal,2026-09-08 14:49:45.606,Normal,2026-09-08 14:49:45.606,,,,,,,,,,,,,,,,,,,,,Normal,2026-07-12 11:12:55.969,0,2026-07-12 11:13:12.849,50531204,2026-07-12 11:13:12.849,4110005,2026-07-12 11:13:12.849,25.700000763,2026-09-08 14:49:45.606,23.699998856,2026-09-08 14:49:45.606,0,2026-09-08 14:49:45.606,0,2026-09-08 14:49:45.606,32,2026-09-08 14:49:45.606,28,2026-09-08 14:49:45.606,17,2026-09-08 14:49:45.606,17,2026-09-08 14:49:45.606,26,2026-09-08 14:49:45.606,0,2026-09-08 14:49:45.606,0,2026-09-08 14:49:45.606,23,2026-09-08 14:49:45.606,37,2026-09-08 14:49:45.606,,,,,,,100,2026-09-08 14:49:45.606,100,2026-09-08 14:49:45.606,,,,,,,,,,,126.8181839,2026-09-08 14:49:45.606,130.60606384,2026-09-08 14:49:45.606,0,2026-09-08 14:49:45.606,1,2026-09-08 14:49:45.606,2,2026-09-08 14:49:45.606,11.697618484,2026-09-08 14:49:45.606,33.743843079,2026-09-09 08:49:46.177,,,,,,,,,,,,,,,,,,,,,,,,,,,,,0,2026-09-09 08:49:46.870,25,2026-09-09 08:49:46.870,22,2026-09-09 08:49:46.870,0,2026-07-12 11:12:55.969
49344-0,FlexNet ID: 50531205,Yes,2026-09-08 15:00:07.573,Yes,2026-09-08 15:00:07.573,,,,,Online,2026-09-08 15:00:07.573,Online,2026-09-08 15:00:07.573,,,Normal,2026-09-08 15:00:07.573,Normal,2026-09-08 15:00:07.573,Normal,2026-09-08 15:00:07.573,,,,,,,,,,,,,,,,,,,,,Normal,2026-09-03 03:30:11.008,0,2026-09-03 03:30:23.508,50531205,2026-09-03 03:30:23.508,4110005,2026-09-03 03:30:23.508,13.100000381,2026-09-08 15:00:07.573,19.400001526,2026-09-08 15:00:07.573,0,2026-09-08 15:00:07.573,0,2026-09-08 15:00:07.573,16,2026-09-08 15:00:07.573,12,2026-09-08 15:00:07.573,12,2026-09-08 15:00:07.573,12,2026-09-08 15:00:07.573,22,2026-09-08 15:00:07.573,0,2026-09-08 15:00:07.573,0,2026-09-08 15:00:07.573,17,2026-09-08 15:00:07.573,30,2026-09-08 15:00:07.573,,,,,,,100,2026-09-08 15:00:07.573,100,2026-09-08 15:00:07.573,,,,,,,,,,,126.96969604,2026-09-08 15:00:07.573,138.33332825,2026-09-08 15:00:07.573,0,2026-09-08 15:00:07.573,1,2026-09-08 15:00:07.573,4,2026-09-08 15:00:07.573,12.256047249,2026-09-08 15:00:07.573,22.66009903,2026-09-09 03:00:06.239,,,,,,,,,,,,,,,,,,,,,,,,,,,,,0,2026-09-09 08:45:13.462,20,2026-09-09 08:45:13.462,15,2026-09-09 08:45:13.462,0,2026-09-03 03:30:11.008
49341-0,FlexNet ID: 50531206,Yes,2026-09-08 18:49:04.584,Yes,2026-09-08 18:49:04.584,,,,,Online,2026-09-08 18:49:04.584,Online,2026-09-08 18:49:04.584,,,Normal,2026-09-08 18:49:04.584,Normal,2026-09-08 18:49:04.584,Normal,2026-09-08 18:49:04.584,,,,,,,,,,,,,,,,,,,,,Normal,2026-09-08 18:48:42.218,0,2026-09-08 18:49:04.584,50531206,2026-09-08 18:49:04.584,4110005,2026-09-08 18:49:04.584,15.5,2026-09-08 18:49:04.584,20.800001144,2026-09-08 18:49:04.584,0,2026-09-08 18:49:04.584,0,2026-09-08 18:49:04.584,18,2026-09-08 18:49:04.584,21,2026-09-08 18:49:04.584,24,2026-09-08 18:49:04.584,24,2026-09-08 18:49:04.584,23,2026-09-08 18:49:04.584,0,2026-09-08 18:49:04.584,0,2026-09-08 18:49:04.584,32,2026-09-08 18:49:04.584,33,2026-09-08 18:49:04.584,,,,,,,100,2026-09-08 18:49:04.584,100,2026-09-08 18:49:04.584,,,,,,,,,,,129.54545593,2026-09-08 18:49:04.584,131.96969604,2026-09-08 18:49:04.584,91.363639832,2026-09-08 18:49:04.584,1,2026-09-08 18:49:04.584,4,2026-09-08 18:49:04.584,12.153179169,2026-09-08 18:49:04.584,24.137931824,2026-09-09 05:51:11.196,,,,,,,,,,,,,,,,,,,,,,,,,,,,,0,2026-09-09 08:51:10.853,17,2026-09-09 08:51:10.853,12,2026-09-09 08:51:10.853,0,2026-09-08 18:48:42.218
49363-0,FlexNet ID: 50531215,Yes,2026-09-08 20:18:05.660,Yes,2026-09-08 20:18:05.660,,,,,Online,2026-09-08 20:18:05.660,Online,2026-09-08 20:18:05.660,,,Normal,2026-09-08 20:18:05.660,Normal,2026-09-08 20:18:05.660,Normal,2026-09-08 20:18:05.660,,,,,,,,,,,,,,,,,,,,,Normal,2026-06-07 11:41:18.733,0,2026-06-07 11:41:26.734,50531215,2026-06-07 11:41:26.734,4110005,2026-06-07 11:41:26.734,24.799999237,2026-09-08 20:18:05.660,18.900001526,2026-09-08 20:18:05.660,0,2026-09-08 20:18:05.660,0,2026-09-08 20:18:05.660,24,2026-09-08 20:18:05.660,23,2026-09-08 20:18:05.660,20,2026-09-08 20:18:05.660,20,2026-09-08 20:18:05.660,23,2026-09-08 20:18:05.660,0,2026-09-08 20:18:05.660,0,2026-09-08 20:18:05.660,28,2026-09-08 20:18:05.660,32,2026-09-08 20:18:05.660,,,,,,,100,2026-09-08 20:18:05.660,100,2026-09-08 20:18:05.660,,,,,,,,,,,127.12121582,2026-09-08 20:18:05.660,130.15151978,2026-09-08 20:18:05.660,0,2026-09-08 20:18:05.660,1,2026-09-08 20:18:05.660,4,2026-09-08 20:18:05.660,12.167874336,2026-09-08 20:18:05.660,24.137931824,2026-09-09 08:18:03.293,,,,,,,,,,,,,,,,,,,,,,,,,,,,,0,2026-09-09 08:48:08.457,26,2026-09-09 08:48:08.457,23,2026-09-09 08:48:08.457,0,2026-06-07 11:41:18.733
49340-0,FlexNet ID: 50531216,Yes,2024-07-16 20:20:11.521,Yes,2024-07-16 20:20:11.521,,,,,Online,2024-07-16 20:20:11.521,Online,2024-07-16 20:20:11.521,,,Normal,2024-07-16 20:20:11.521,AC Voltage Not Present,2024-07-16 20:20:11.521,Normal,2024-07-16 20:20:11.521,,,,,,,,,,,,,,,,,,,,,Alarm,2024-07-16 20:20:11.521,0,2024-07-16 20:20:11.521,50531216,2024-07-16 20:20:11.521,490003,2024-07-16 20:20:11.521,11.899999619,2024-07-16 20:20:11.521,17.200000763,2024-07-16 20:20:11.521,0,2024-07-16 20:20:11.521,0,2024-07-16 20:20:11.521,11,2024-07-16 20:20:11.521,14,2024-07-16 20:20:11.521,27,2024-07-16 20:20:11.521,27,2024-07-16 20:20:11.521,26,2024-07-16 20:20:11.521,0,2024-07-16 20:20:11.521,0,2024-07-16 20:20:11.521,44,2024-07-16 20:20:11.521,39,2024-07-16 20:20:11.521,,,,,,,100,2024-07-16 20:20:11.521,100,2024-07-16 20:20:11.521,,,,,,,,,,,127.12121582,2024-07-16 20:20:11.521,131.51515198,2024-07-16 20:20:11.521,0,2024-07-16 20:20:11.521,3,2024-07-16 20:20:11.521,1,2024-07-16 20:20:11.521,11.477186203,2024-07-16 20:20:11.521,40.147781372,2024-07-16 20:20:11.521,,,,,,,,,,,,,,,,,,,,,,,,,,,,,1,2024-07-16 20:04:06.051,17,2024-07-16 20:04:06.051,14,2024-07-16 20:04:06.051,2,2024-07-16 20:20:11.521
49358-0,FlexNet ID: 50531219,Yes,2024-07-16 20:20:11.526,Yes,2024-07-16 20:20:11.526,,,,,Online,2024-07-16 20:20:11.526,Online,2024-07-16 20:20:11.526,,,Normal,2024-07-16 20:20:11.526,AC Voltage Not Present,2024-07-16 20:20:11.526,Normal,2024-07-16 20:20:11.526,,,,,,,,,,,,,,,,,,,,,Alarm,2024-07-16 20:20:11.526,0,2024-07-16 20:20:11.526,50531219,2024-07-16 20:20:11.526,490003,2024-07-16 20:20:11.526,22.700000763,2024-07-16 20:20:11.526,19.400001526,2024-07-16 20:20:11.526,0,2024-07-16 20:20:11.526,0,2024-07-16 20:20:11.526,16,2024-07-16 20:20:11.526,22,2024-07-16 20:20:11.526,21,2024-07-16 20:20:11.526,21,2024-07-16 20:20:11.526,28,2024-07-16 20:20:11.526,0,2024-07-16 20:20:11.526,0,2024-07-16 20:20:11.526,31,2024-07-16 20:20:11.526,40,2024-07-16 20:20:11.526,,,,,,,100,2024-07-16 20:20:11.526,100,2024-07-16 20:20:11.526,,,,,,,,,,,128.6363678,2024-07-16 20:20:11.526,133.78787231,2024-07-16 20:20:11.526,0,2024-07-16 20:20:11.526,3,2024-07-16 20:20:11.526,1,2024-07-16 20:20:11.526,11.433099747,2024-07-16 20:20:11.526,38.177341461,2024-07-16 20:20:11.526,,,,,,,,,,,,,,,,,,,,,,,,,,,,,0,2024-07-16 20:04:05.610,17,2024-07-16 20:04:05.610,24,2024-07-16 20:04:05.610,2,2024-07-16 20:20:11.526
49361-0,FlexNet ID: 50531220,Yes,2026-09-08 09:11:44.117,Yes,2026-09-08 09:11:44.117,,,,,Online,2026-09-08 09:11:44.117,Online,2026-09-08 09:11:44.117,,,Normal,2026-09-08 09:11:44.117,Normal,2026-09-08 09:11:44.117,Normal,2026-09-08 09:11:44.117,,,,,,,,,,,,,,,,,,,,,Normal,2025-12-03 21:53:02.991,0,2025-12-03 21:53:51.450,50531220,2025-12-03 21:53:51.450,4110005,2025-12-03 21:53:51.450,34.899997711,2026-09-08 09:11:44.117,40,2026-09-08 09:11:44.117,0,2026-09-08 09:11:44.117,0,2026-09-08 09:11:44.117,24,2026-09-08 09:11:44.117,43,2026-09-08 09:11:44.117,13,2026-09-08 09:11:44.117,13,2026-09-08 09:11:44.117,42,2026-09-08 09:11:44.117,0,2026-09-08 09:11:44.117,0,2026-09-08 09:11:44.117,20,2026-09-08 09:11:44.117,65,2026-09-08 09:11:44.117,,,,,,,100,2026-09-08 09:11:44.117,100,2026-09-08 09:11:44.117,,,,,,,,,,,125.75757599,2026-09-08 09:11:44.117,141.45161438,2026-09-08 09:11:44.117,0,2026-09-08 09:11:44.117,1,2026-09-08 09:11:44.117,4,2026-09-08 09:11:44.117,12.197265625,2026-09-08 09:11:44.117,23.399015427,2026-09-09 03:11:42.049,,,,,,,,,,,,,,,,,,,,,,,,,,,,,0,2026-09-09 08:56:48.104,41,2026-09-09 08:56:48.104,37,2026-09-09 08:56:48.104,0,2025-12-03 21:53:02.991
49352-0,FlexNet ID: 50531222,Yes,2026-09-08 19:09:39.409,Yes,2026-09-08 19:09:39.409,,,,,Online,2026-09-08 19:09:39.409,Online,2026-09-08 19:09:39.409,,,Normal,2026-09-08 19:09:39.409,Normal,2026-09-08 19:09:39.409,Normal,2026-09-08 19:09:39.409,,,,,,,,,,,,,,,,,,,,,Normal,2026-09-08 19:09:27.411,0,2026-09-08 19:09:39.409,50531222,2026-09-08 19:09:39.409,4110005,2026-09-08 19:09:39.409,13.444444656,2026-09-08 19:09:39.409,16.600000381,2026-09-08 19:09:39.409,0,2026-09-08 19:09:39.409,0,2026-09-08 19:09:39.409,17,2026-09-08 19:09:39.409,15,2026-09-08 19:09:39.409,0,2026-09-08 19:09:39.409,0,2026-09-08 19:09:39.409,20,2026-09-08 19:09:39.409,0,2026-09-08 19:09:39.409,0,2026-09-08 19:09:39.409,1,2026-09-08 19:09:39.409,29,2026-09-08 19:09:39.409,,,,,,,100,2026-09-08 19:09:39.409,100,2026-09-08 19:09:39.409,,,,,,,,,,,127.72727203,2026-09-08 19:09:39.409,128.03030396,2026-09-08 19:09:39.409,121.47058868,2026-09-08 19:09:39.409,1,2026-09-08 19:09:39.409,0,2026-09-08 19:09:39.409,0,2026-09-08 19:09:39.409,24.384237289,2026-09-09 07:09:00.817,,,,,,,,,,,,,,,,,,,,,,,,,,,,,0,2026-09-09 08:54:04.234,17,2026-09-09 08:54:04.234,16,2026-09-09 08:54:04.234,0,2026-09-08 19:09:27.411
49356-0,FlexNet ID: 50531223,Yes,2024-12-17 09:41:23.485,Yes,2024-12-17 09:41:23.485,,,,,Online,2024-12-17 09:41:23.485,Online,2024-12-17 09:41:23.485,,,Normal,2024-12-17 09:41:23.485,AC Voltage Not Present,2024-12-17 09:41:23.485,Normal,2024-12-17 09:41:23.485,,,,,,,,,,,,,,,,,,,,,Alarm,2024-12-17 09:41:23.485,0,2024-12-17 09:41:23.485,50531223,2024-12-17 09:41:23.485,4110005,2024-12-17 09:41:23.485,24.5,2024-12-17 09:41:23.485,37,2024-12-17 09:41:23.485,0,2024-12-17 09:41:23.485,0,2024-12-17 09:41:23.485,19,2024-12-17 09:41:23.485,38,2024-12-17 09:41:23.485,0,2024-12-17 09:41:23.485,0,2024-12-17 09:41:23.485,21,2024-12-17 09:41:23.485,0,2024-12-17 09:41:23.485,0,2024-12-17 09:41:23.485,1,2024-12-17 09:41:23.485,32,2024-12-17 09:41:23.485,,,,,,,100,2024-12-17 09:41:23.485,100,2024-12-17 09:41:23.485,,,,,,,,,,,129.09091187,2024-12-17 09:41:23.485,129.39393616,2024-12-17 09:41:23.485,122.64705658,2024-12-17 09:41:23.485,3,2024-12-17 09:41:23.485,0,2024-12-17 09:41:23.485,0,2024-12-17 09:41:23.485,15.763546944,2024-12-17 09:41:23.485,,,,,,,,,,,,,,,,,,,,,,,,,,,,,0,2024-12-17 09:25:25.391,36,2024-12-17 09:25:25.391,32,2024-12-17 09:25:25.391,2,2024-12-17 09:41:23.485
49371-0,FlexNet ID: 50531263,Yes,2026-09-09 00:05:54.943,Yes,2026-09-09 00:05:54.943,,,,,Online,2026-09-09 00:05:54.943,Online,2026-09-09 00:05:54.943,,,Normal,2026-09-09 00:05:54.943,Normal,2026-09-09 00:05:54.943,Normal,2026-09-09 00:05:54.943,,,,,,,,,,,,,,,,,,,,,Normal,2026-09-08 18:50:54.818,0,2026-09-08 18:51:06.839,50531263,2026-09-08 18:51:06.839,4110005,2026-09-08 18:51:06.839,22.899999619,2026-09-09 00:05:54.943,31.5,2026-09-09 00:05:54.943,0,2026-09-09 00:05:54.943,0,2026-09-09 00:05:54.943,21,2026-09-09 00:05:54.943,30,2026-09-09 00:05:54.943,0,2026-09-09 00:05:54.943,0,2026-09-09 00:05:54.943,27,2026-09-09 00:05:54.943,0,2026-09-09 00:05:54.943,0,2026-09-09 00:05:54.943,0,2026-09-09 00:05:54.943,38,2026-09-09 00:05:54.943,,,,,,,100,2026-09-09 00:27:24.547,100,2026-09-09 00:05:54.943,,,,,,,,,,,127.57575989,2026-09-09 00:05:54.943,130.15151978,2026-09-09 00:05:54.943,85.909088135,2026-09-09 00:05:54.943,1,2026-09-09 00:05:54.943,4,2026-09-09 00:05:54.943,12.050311089,2026-09-09 00:05:54.943,23.891626358,2026-09-09 06:05:53.791,,,,,,,,,,,,,,,,,,,,,,,,,,,,,0,2026-09-09 08:50:51.793,31,2026-09-09 08:50:51.793,18,2026-09-09 08:50:51.793,0,2026-09-08 18:50:54.818
49365-0,FlexNet ID: 50531302,Yes,2021-12-02 12:20:05.127,Yes,2021-12-02 12:20:05.127,,,,,Online,2021-12-02 12:20:05.127,Online,2021-12-02 12:20:05.127,,,Normal,2021-12-02 12:20:05.127,Normal,2021-12-02 12:20:05.127,Fuse Blown,2021-12-02 12:20:05.127,,,,,,,,,,,,,,,,,,,,,Alarm,2021-12-02 12:20:05.127,0,2021-12-02 12:20:05.127,50531302,2021-12-02 12:20:05.127,3399,2021-12-02 12:20:05.127,57.125,2021-12-02 12:20:05.127,61.75,2021-12-02 12:20:05.127,0,2021-12-02 12:20:05.127,0,2021-12-02 12:20:05.127,52,2021-12-02 12:20:05.127,61,2021-12-02 12:20:05.127,0,2021-12-02 12:20:05.127,0,2021-12-02 12:20:05.127,0,2021-12-02 12:20:05.127,0,2021-12-02 12:20:05.127,0,2021-12-02 12:20:05.127,1,2021-12-02 12:20:05.127,0,2021-12-02 12:20:05.127,,,,,,,100,2021-12-02 12:20:05.127,100,2021-12-02 12:20:05.127,,,,,,,,,,,123.52941132,2021-12-02 12:20:05.127,124.55882263,2021-12-02 12:20:05.127,118.96551514,2021-12-02 12:20:05.127,0,2021-12-02 12:20:05.127,0,2021-12-02 12:20:05.127,0,2021-12-02 12:20:05.127,22.66009903,2021-12-02 12:20:05.127,,,,,,,,,,,,,,,,,,,,,,,,,,,,,0,2021-12-02 12:20:05.127,59,2021-12-02 12:20:05.127,53,2021-12-02 12:20:05.127,2,2021-12-02 12:20:05.127
49364-0,FlexNet ID: 50531305,Yes,2026-09-08 18:41:55.399,Yes,2026-09-08 18:41:55.399,,,,,Online,2026-09-08 18:41:55.399,Online,2026-09-08 18:41:55.399,,,Normal,2026-09-08 18:41:55.399,Normal,2026-09-08 18:41:55.399,Normal,2026-09-08 18:41:55.399,,,,,,,,,,,,,,,,,,,,,Normal,2026-09-08 18:41:39.125,0,2026-09-08 18:41:55.399,50531305,2026-09-08 18:41:55.399,4110005,2026-09-08 18:41:55.399,45.600002289,2026-09-08 18:41:55.399,38.200000763,2026-09-08 18:41:55.399,0,2026-09-08 18:41:55.399,0,2026-09-08 18:41:55.399,55,2026-09-08 18:41:55.399,45,2026-09-08 18:41:55.399,20,2026-09-08 18:41:55.399,20,2026-09-08 18:41:55.399,20,2026-09-08 18:41:55.399,0,2026-09-08 18:41:55.399,0,2026-09-08 18:41:55.399,29,2026-09-08 18:41:55.399,31,2026-09-08 18:41:55.399,,,,,,,100,2026-09-08 18:41:55.399,100,2026-09-08 18:41:55.399,,,,,,,,,,,124.85294342,2026-09-08 18:41:55.399,146.21212769,2026-09-08 18:41:55.399,0,2026-09-08 18:41:55.399,1,2026-09-08 18:41:55.399,2,2026-09-08 18:41:55.399,11.727009773,2026-09-08 18:41:55.399,25.123151779,2026-09-09 03:11:38.989,,,,,,,,,,,,,,,,,,,,,,,,,,,,,0,2026-09-09 08:56:44.564,37,2026-09-09 08:56:44.564,36,2026-09-09 08:56:44.564,0,2026-09-08 18:41:39.125
49350-0,FlexNet ID: 50531308,Yes,2026-09-09 01:17:25.055,Yes,2026-09-09 01:17:25.055,,,,,Online,2026-09-09 01:17:25.055,Online,2026-09-09 01:17:25.055,,,Normal,2026-09-09 01:17:25.055,Normal,2026-09-09 01:17:25.055,Normal,2026-09-09 01:17:25.055,,,,,,,,,,,,,,,,,,,,,Normal,2026-03-17 01:17:38.656,0,2026-03-17 01:18:02.192,50531308,2026-03-17 01:18:02.192,4110005,2026-03-17 01:18:02.192,33.799999237,2026-09-09 01:17:25.055,42.200000763,2026-09-09 01:17:25.055,0,2026-09-09 01:17:25.055,0,2026-09-09 01:17:25.055,31,2026-09-09 01:17:25.055,41,2026-09-09 01:17:25.055,0,2026-09-09 01:17:25.055,0,2026-09-09 01:17:25.055,22,2026-09-09 01:17:25.055,0,2026-09-09 01:17:25.055,0,2026-09-09 01:17:25.055,1,2026-09-09 01:17:25.055,33,2026-09-09 01:17:25.055,,,,,,,100,2026-09-09 01:17:25.055,100,2026-09-09 01:17:25.055,,,,,,,,,,,128.18182373,2026-09-09 01:17:25.055,130,2026-09-09 01:17:25.055,90.909088135,2026-09-09 01:17:25.055,1,2026-09-09 01:17:25.055,4,2026-09-09 01:17:25.055,12.050311089,2026-09-09 01:17:25.055,23.399015427,2026-09-09 07:17:23.422,,,,,,,,,,,,,,,,,,,,,,,,,,,,,0,2026-09-09 08:47:24.831,37,2026-09-09 08:47:24.831,32,2026-09-09 08:47:24.831,0,2026-03-17 01:17:38.656
49367-0,FlexNet ID: 50531310,Yes,2026-09-08 15:00:03.806,Yes,2026-09-08 15:00:03.806,,,,,Online,2026-09-08 15:00:03.806,Online,2026-09-08 15:00:03.806,,,Normal,2026-09-08 15:00:03.806,Normal,2026-09-08 15:00:03.806,Normal,2026-09-08 15:00:03.806,,,,,,,,,,,,,,,,,,,,,Normal,2026-07-03 21:54:57.867,0,2026-07-03 21:55:05.832,50531310,2026-07-03 21:55:05.832,4110005,2026-07-03 21:55:05.832,34.299999237,2026-09-08 15:00:03.806,28.600000381,2026-09-08 15:00:03.806,0,2026-09-08 15:00:03.806,0,2026-09-08 15:00:03.806,39,2026-09-08 15:00:03.806,19,2026-09-08 15:00:03.806,11,2026-09-08 15:00:03.806,11,2026-09-08 15:00:03.806,19,2026-09-08 15:00:03.806,0,2026-09-08 15:00:03.806,0,2026-09-08 15:00:03.806,16,2026-09-08 15:00:03.806,29,2026-09-08 15:00:03.806,,,,,,,100,2026-09-08 15:00:03.806,100,2026-09-08 15:00:03.806,,,,,,,,,,,125.75757599,2026-09-08 15:00:03.806,130.75756836,2026-09-08 15:00:03.806,0,2026-09-08 15:00:03.806,1,2026-09-08 15:00:03.806,4,2026-09-08 15:00:03.806,12.109092712,2026-09-08 15:00:03.806,23.645320892,2026-09-09 03:00:04.195,,,,,,,,,,,,,,,,,,,,,,,,,,,,,0,2026-09-09 08:45:08.335,25,2026-09-09 08:45:08.335,26,2026-09-09 08:45:08.335,0,2026-07-03 21:54:57.867
49368-0,FlexNet ID: 50531322,Yes,2026-09-08 15:00:04.920,Yes,2026-09-08 15:00:04.920,,,,,Online,2026-09-08 15:00:04.920,Online,2026-09-08 15:00:04.920,,,Normal,2026-09-08 15:00:04.920,Normal,2026-09-08 15:00:04.920,Normal,2026-09-08 15:00:04.920,,,,,,,,,,,,,,,,,,,,,Normal,2025-12-03 21:58:55.726,0,2025-12-03 21:59:22.372,50531322,2025-12-03 21:59:22.372,4110005,2025-12-03 21:59:22.372,19.400001526,2026-09-08 15:00:04.920,21.199996948,2026-09-08 15:00:04.920,0,2026-09-08 15:00:04.920,0,2026-09-08 15:00:04.920,21,2026-09-08 15:00:04.920,18,2026-09-08 15:00:04.920,9,2026-09-08 15:00:04.920,9,2026-09-08 15:00:04.920,17,2026-09-08 15:00:04.920,0,2026-09-08 15:00:04.920,0,2026-09-08 15:00:04.920,15,2026-09-08 15:00:04.920,28,2026-09-08 15:00:04.920,,,,,,,100,2026-09-08 15:00:04.920,100,2026-09-08 15:00:04.920,,,,,,,,,,,126.8181839,2026-09-08 15:00:04.920,145.60606384,2026-09-08 15:00:04.920,0,2026-09-08 15:00:04.920,1,2026-09-08 15:00:04.920,4,2026-09-08 15:00:04.920,12.300133705,2026-09-08 15:00:04.920,25.123151779,2026-09-09 03:00:04.334,,,,,,,,,,,,,,,,,,,,,,,,,,,,,0,2026-09-09 08:45:09.301,23,2026-09-09 08:45:09.301,17,2026-09-09 08:45:09.301,0,2025-12-03 21:58:55.726
49370-0,FlexNet ID: 50531325,Yes,2026-09-08 18:42:01.373,Yes,2026-09-08 18:42:01.373,,,,,Online,2026-09-08 18:42:01.373,Online,2026-09-08 18:42:01.373,,,Normal,2026-09-08 18:42:01.373,Normal,2026-09-08 18:42:01.373,Normal,2026-09-08 18:42:01.373,,,,,,,,,,,,,,,,,,,,,Normal,2026-09-08 18:41:48.353,0,2026-09-08 18:42:01.373,50531325,2026-09-08 18:42:01.373,4110005,2026-09-08 18:42:01.373,14.5,2026-09-08 18:42:01.373,17,2026-09-08 18:42:01.373,0,2026-09-08 18:42:01.373,0,2026-09-08 18:42:01.373,11,2026-09-08 18:42:01.373,16,2026-09-08 18:42:01.373,22,2026-09-08 18:42:01.373,22,2026-09-08 18:42:01.373,26,2026-09-08 18:42:01.373,0,2026-09-08 18:42:01.373,0,2026-09-08 18:42:01.373,30,2026-09-08 18:42:01.373,34,2026-09-08 18:42:01.373,,,,,,,100,2026-09-08 18:42:01.373,100,2026-09-08 18:42:01.373,,,,,,,,,,,127.87878418,2026-09-08 18:42:01.373,131.06060791,2026-09-08 18:42:01.373,0,2026-09-08 18:42:01.373,1,2026-09-08 18:42:01.373,4,2026-09-08 18:42:01.373,12.167874336,2026-09-08 18:42:01.373,23.152709961,2026-09-09 03:11:42.281,,,,,,,,,,,,,,,,,,,,,,,,,,,,,0,2026-09-09 08:56:44.473,12,2026-09-09 08:56:44.473,14,2026-09-09 08:56:44.473,0,2026-09-08 18:41:48.353
52570-0,FlexNet ID: 50533113,Yes,2026-08-23 22:17:42.610,Yes,2026-08-23 22:17:42.610,,,,,Online,2026-08-23 22:17:42.610,Online,2026-08-23 22:17:42.610,,,Normal,2026-08-23 22:17:42.610,Normal,2026-08-23 22:17:42.610,Normal,2026-08-23 22:17:42.610,,,,,,,,,,,,,,,,,,,,,Alarm,2026-08-23 22:17:42.610,0,2026-08-23 22:17:42.610,50533113,2026-08-23 22:17:42.610,4110005,2026-08-23 22:17:42.610,12.600000381,2026-08-23 22:17:42.610,22,2026-08-23 22:17:42.610,0,2026-08-23 22:17:42.610,0,2026-08-23 22:17:42.610,9,2026-08-23 22:17:42.610,14,2026-08-23 22:17:42.610,41,2026-08-23 22:17:42.610,41,2026-08-23 22:17:42.610,52,2026-08-23 22:17:42.610,0,2026-08-23 22:17:42.610,0,2026-08-23 22:17:42.610,44,2026-08-23 22:17:42.610,62,2026-08-23 22:17:42.610,,,,,,,100,2026-08-23 22:17:42.610,100,2026-08-23 22:17:42.610,,,,,,,,,,,123.23529053,2026-08-23 22:17:42.610,155,2026-08-23 22:17:42.610,89.848487854,2026-08-23 22:17:42.610,1,2026-08-23 22:17:42.610,1,2026-08-23 22:17:42.610,11.491881371,2026-08-23 22:17:42.610,39.408866882,2026-08-23 22:17:42.610,,,,,,,,,,,,,,,,,,,,,,,,,,,,,0,2026-08-23 22:01:40.443,18,2026-08-23 22:01:40.443,12,2026-08-23 22:01:40.443,2,2026-08-23 22:17:42.610
52574-0,FlexNet ID: 50533127,Yes,2026-09-08 14:49:41.334,Yes,2026-09-08 14:49:41.334,,,,,Online,2026-09-08 14:49:41.334,Online,2026-09-08 14:49:41.334,,,Normal,2026-09-08 14:49:41.334,Normal,2026-09-08 14:49:41.334,Normal,2026-09-08 14:49:41.334,,,,,,,,,,,,,,,,,,,,,Normal,2026-07-12 11:12:59.062,0,2026-07-12 11:13:10.627,50533127,2026-07-12 11:13:10.627,4110005,2026-07-12 11:13:10.627,22.199998856,2026-09-08 14:49:41.334,29.700000763,2026-09-08 14:49:41.334,0,2026-09-08 14:49:41.334,0,2026-09-08 14:49:41.334,27,2026-09-08 14:49:41.334,32,2026-09-08 14:49:41.334,10,2026-09-08 14:49:41.334,10,2026-09-08 14:49:41.334,21,2026-09-08 14:49:41.334,0,2026-09-08 14:49:41.334,0,2026-09-08 14:49:41.334,16,2026-09-08 14:49:41.334,33,2026-09-08 14:49:41.334,,,,,,,100,2026-09-08 14:49:41.334,100,2026-09-08 14:49:41.334,,,,,,,,,,,124.55882263,2026-09-08 14:49:41.334,133.03030396,2026-09-08 14:49:41.334,0,2026-09-08 14:49:41.334,1,2026-09-08 14:49:41.334,4,2026-09-08 14:49:41.334,12.27074337,2026-09-08 14:49:41.334,30.295566559,2026-09-09 08:49:43.249,,,,,,,,,,,,,,,,,,,,,,,,,,,,,0,2026-09-09 08:49:47.289,35,2026-09-09 08:49:47.289,29,2026-09-09 08:49:47.289,0,2026-07-12 11:12:59.062
52677-0,FlexNet ID: 50533539,Yes,2026-09-08 14:49:43.125,Yes,2026-09-08 14:49:43.125,,,,,Online,2026-09-08 14:49:43.125,Online,2026-09-08 14:49:43.125,,,Normal,2026-09-08 14:49:43.125,Normal,2026-09-08 14:49:43.125,Normal,2026-09-08 14:49:43.125,,,,,,,,,,,,,,,,,,,,,Normal,2026-07-12 11:12:57.755,0,2026-07-12 11:13:37.025,50533539,2026-07-12 11:13:37.025,4110005,2026-07-12 11:13:37.025,26.200000763,2026-09-08 14:49:43.125,24.299999237,2026-09-08 14:49:43.125,0,2026-09-08 14:49:43.125,0,2026-09-08 14:49:43.125,31,2026-09-08 14:49:43.125,14,2026-09-08 14:49:43.125,11,2026-09-08 14:49:43.125,11,2026-09-08 14:49:43.125,22,2026-09-08 14:49:43.125,0,2026-09-08 14:49:43.125,0,2026-09-08 14:49:43.125,17,2026-09-08 14:49:43.125,32,2026-09-08 14:49:43.125,,,,,,,100,2026-09-08 14:49:43.125,100,2026-09-08 14:49:43.125,,,,,,,,,,,124.55882263,2026-09-08 14:49:43.125,129.09091187,2026-09-08 14:49:43.125,0,2026-09-08 14:49:43.125,1,2026-09-08 14:49:43.125,4,2026-09-08 14:49:43.125,12.226656914,2026-09-08 14:49:43.125,29.06403923,2026-09-09 08:49:44.076,,,,,,,,,,,,,,,,,,,,,,,,,,,,,0,2026-09-09 08:49:46.413,31,2026-09-09 08:49:46.413,22,2026-09-09 08:49:46.413,0,2026-07-12 11:12:57.755
52573-0,FlexNet ID: 50533548,Yes,2026-09-08 18:02:31.518,Yes,2026-09-08 18:02:31.518,,,,,Online,2026-09-08 18:02:31.518,Online,2026-09-08 18:02:31.518,,,Normal,2026-09-08 18:02:31.518,Normal,2026-09-08 18:02:31.518,Normal,2026-09-08 18:02:31.518,,,,,,,,,,,,,,,,,,,,,Normal,2026-06-18 18:02:44.215,0,2026-06-18 18:03:19.981,50533548,2026-06-18 18:03:19.981,4110005,2026-06-18 18:03:19.981,16.600000381,2026-09-08 18:02:31.518,23.699998856,2026-09-08 18:02:31.518,0,2026-09-08 18:02:31.518,0,2026-09-08 18:02:31.518,27,2026-09-08 18:02:31.518,21,2026-09-08 18:02:31.518,18,2026-09-08 18:02:31.518,18,2026-09-08 18:02:31.518,28,2026-09-08 18:02:31.518,0,2026-09-08 18:02:31.518,0,2026-09-08 18:02:31.518,25,2026-09-08 18:02:31.518,38,2026-09-08 18:02:31.518,,,,,,,100,2026-09-08 18:02:31.518,100,2026-09-08 18:02:31.518,,,,,,,,,,,124.26470947,2026-09-08 18:02:31.518,132.12121582,2026-09-08 18:02:31.518,42.096775055,2026-09-08 18:02:31.518,1,2026-09-08 18:02:31.518,4,2026-09-08 18:02:31.518,12.211960793,2026-09-08 18:02:31.518,25.369457245,2026-09-09 06:02:31.247,,,,,,,,,,,,,,,,,,,,,,,,,,,,,0,2026-09-09 08:47:26.133,22,2026-09-09 08:47:26.133,16,2026-09-09 08:47:26.133,0,2026-06-18 18:02:44.215
52572-0,FlexNet ID: 50533550,Yes,2026-09-08 18:54:26.350,Yes,2026-09-08 18:54:26.350,,,,,Online,2026-09-08 18:54:26.350,Online,2026-09-08 18:54:26.350,,,Normal,2026-09-08 18:54:26.350,Normal,2026-09-08 18:54:26.350,Normal,2026-09-08 18:54:26.350,,,,,,,,,,,,,,,,,,,,,Normal,2026-09-08 18:54:14.219,0,2026-09-08 18:54:26.350,50533550,2026-09-08 18:54:26.350,4110005,2026-09-08 18:54:26.350,24.000001907,2026-09-08 18:54:26.350,35,2026-09-08 18:54:26.350,0,2026-09-08 18:54:26.350,0,2026-09-08 18:54:26.350,28,2026-09-08 18:54:26.350,25,2026-09-08 18:54:26.350,25,2026-09-08 18:54:26.350,25,2026-09-08 18:54:26.350,26,2026-09-08 18:54:26.350,0,2026-09-08 18:54:26.350,0,2026-09-08 18:54:26.350,34,2026-09-08 18:54:26.350,37,2026-09-08 18:54:26.350,,,,,,,100,2026-09-08 18:54:26.350,100,2026-09-08 18:54:26.350,,,,,,,,,,,123.97058868,2026-09-08 18:54:26.350,155,2026-09-08 18:54:26.350,45,2026-09-08 18:54:26.350,1,2026-09-08 18:54:26.350,1,2026-09-08 18:54:26.350,11.447794914,2026-09-08 18:54:26.350,26.108373642,2026-09-09 04:24:10.200,,,,,,,,,,,,,,,,,,,,,,,,,,,,,0,2026-09-09 08:54:11.045,44,2026-09-09 08:54:11.045,27,2026-09-09 08:54:11.045,0,2026-09-08 18:54:14.219
52918-0,FlexNet ID: 50533588,Yes,2026-09-09 01:26:35.529,Yes,2026-09-09 01:26:35.529,,,,,Online,2026-09-09 01:26:35.529,Online,2026-09-09 01:26:35.529,,,Normal,2026-09-09 01:26:35.529,Normal,2026-09-09 01:26:35.529,Normal,2026-09-09 01:26:35.529,,,,,,,,,,,,,,,,,,,,,Normal,2026-09-08 18:41:36.623,0,2026-09-08 18:51:00.471,50533588,2026-09-08 18:51:00.471,4110005,2026-09-08 18:51:00.471,24.100000381,2026-09-09 01:26:35.529,20.099998474,2026-09-09 01:26:35.529,0,2026-09-09 01:26:35.529,0,2026-09-09 01:26:35.529,27,2026-09-09 01:26:35.529,8,2026-09-09 01:26:35.529,0,2026-09-09 01:26:35.529,0,2026-09-09 01:26:35.529,33,2026-09-09 01:26:35.529,0,2026-09-09 01:26:35.529,0,2026-09-09 01:26:35.529,1,2026-09-09 01:26:35.529,45,2026-09-09 01:26:35.529,,,,,,,100,2026-09-09 01:26:35.529,100,2026-09-09 01:26:35.529,,,,,,,,,,,127.57575989,2026-09-09 01:26:35.529,130.75756836,2026-09-09 01:26:35.529,0,2026-09-09 01:26:35.529,1,2026-09-09 01:26:35.529,4,2026-09-09 01:26:35.529,12.12378788,2026-09-09 01:26:35.529,22.906404495,2026-09-09 07:26:35.077,,,,,,,,,,,,,,,,,,,,,,,,,,,,,0,2026-09-09 08:56:48.262,11,2026-09-09 08:56:48.262,25,2026-09-09 08:56:48.262,0,2026-09-08 18:41:36.623
52804-0,FlexNetId: 50533102,Yes,2026-09-09 01:02:52.161,Yes,2026-09-09 01:02:52.161,,,,,Online,2026-09-09 01:02:52.161,Online,2026-09-09 01:02:52.161,,,Normal,2026-09-09 01:02:52.161,Normal,2026-09-09 01:02:52.161,Normal,2026-09-09 01:02:52.161,,,,,,,,,,,,,,,,,,,,,Normal,2026-08-04 17:09:29.412,0,2026-08-04 17:09:43.778,50533102,2026-08-04 17:09:43.778,4110005,2026-08-04 17:09:43.778,21.700000763,2026-09-09 01:02:52.161,24.200000763,2026-09-09 01:02:52.161,0,2026-09-09 01:02:52.161,0,2026-09-09 01:02:52.161,24,2026-09-09 01:02:52.161,26,2026-09-09 01:02:52.161,0,2026-09-09 01:02:52.161,0,2026-09-09 01:02:52.161,23,2026-09-09 01:02:52.161,0,2026-09-09 01:02:52.161,0,2026-09-09 01:02:52.161,1,2026-09-09 01:02:52.161,33,2026-09-09 01:02:52.161,,,,,,,100,2026-09-09 01:02:52.161,100,2026-09-09 01:02:52.161,,,,,,,,,,,127.87878418,2026-09-09 01:02:52.161,129.84848022,2026-09-09 01:02:52.161,0,2026-09-09 01:02:52.161,1,2026-09-09 01:02:52.161,4,2026-09-09 01:02:52.161,12.300133705,2026-09-09 01:02:52.161,25.123151779,2026-09-09 07:02:48.125,,,,,,,,,,,,,,,,,,,,,,,,,,,,,0,2026-09-09 08:47:52.423,26,2026-09-09 08:47:52.423,19,2026-09-09 08:47:52.423,0,2026-08-04 17:09:29.412
44434-0,REMOVE: FlexNet ID: 50409540,Yes,2024-04-03 12:39:27.430,Yes,2024-04-03 12:39:27.430,,,,,Online,2024-04-03 12:39:27.430,Online,2024-04-03 12:39:27.430,,,Normal,2024-04-03 12:39:27.430,AC Voltage Not Present,2024-04-03 12:39:27.430,Normal,2024-04-03 12:39:27.430,,,,,,,,,,,,,,,,,,,,,Alarm,2024-04-03 12:39:27.430,0,2024-04-03 12:39:27.430,50409540,2024-04-03 12:39:27.430,490003,2024-04-03 12:39:27.430,23.700000763,2024-04-03 12:39:27.430,23.899997711,2024-04-03 12:39:27.430,0,2024-04-03 12:39:27.430,0,2024-04-03 12:39:27.430,31,2024-04-03 12:39:27.430,18,2024-04-03 12:39:27.430,14,2024-04-03 12:39:27.430,14,2024-04-03 12:39:27.430,25,2024-04-03 12:39:27.430,0,2024-04-03 12:39:27.430,0,2024-04-03 12:39:27.430,22,2024-04-03 12:39:27.430,37,2024-04-03 12:39:27.430,,,,,,,100,2024-04-03 12:39:27.430,100,2024-04-03 12:39:27.430,,,,,,,,,,,127.27272797,2024-04-03 12:39:27.430,132.27272034,2024-04-03 12:39:27.430,95,2024-04-03 12:39:27.430,3,2024-04-03 12:39:27.430,3,2024-04-03 12:39:27.430,11.800487518,2024-04-03 12:39:27.430,11.822660446,2024-04-03 12:39:27.430,,,,,,,,,,,,,,,,,,,,,,,,,,,,,0,2024-04-03 12:23:25.409,22,2024-04-03 12:23:25.409,19,2024-04-03 12:23:25.409,2,2024-04-03 12:39:27.430
47253-0,REMOVED: FlexNet ID: 50530617,Yes,2023-05-01 10:00:55.260,Yes,2023-05-01 10:00:55.260,,,,,Online,2023-05-01 10:00:55.260,Online,2023-05-01 10:00:55.260,,,Normal,2023-05-01 10:00:55.260,AC Voltage Not Present,2023-05-01 10:00:55.260,Normal,2023-05-01 10:00:55.260,,,,,,,,,,,,,,,,,,,,,Alarm,2023-05-01 10:00:55.260,0,2023-05-01 10:00:55.260,50530617,2023-05-01 10:00:55.260,480004,2023-05-01 10:00:55.260,54.099998474,2023-05-01 10:00:55.260,53.299995422,2023-05-01 10:00:55.260,0,2023-05-01 10:00:55.260,0,2023-05-01 10:00:55.260,54,2023-05-01 10:00:55.260,56,2023-05-01 10:00:55.260,19,2023-05-01 10:00:55.260,19,2023-05-01 10:00:55.260,39,2023-05-01 10:00:55.260,0,2023-05-01 10:00:55.260,0,2023-05-01 10:00:55.260,29,2023-05-01 10:00:55.260,56,2023-05-01 10:00:55.260,,,,,,,100,2023-05-01 10:00:55.260,100,2023-05-01 10:00:55.260,,,,,,,,,,,129.54545593,2023-05-01 10:00:55.260,131.81817627,2023-05-01 10:00:55.260,121.61764526,2023-05-01 10:00:55.260,1,2023-05-01 10:00:55.260,1,2023-05-01 10:00:55.260,0,2023-05-01 10:00:55.260,14.285714149,2023-05-01 10:00:55.260,,,,,,,,,,,,,,,,,,,,,,,,,,,,,0,2023-05-01 09:44:48.028,53,2023-05-01 09:44:48.028,50,2023-05-01 09:44:48.028,2,2023-05-01 10:00:55.260
49366-0,REMOVED: FlexNet ID: 50531312,Yes,2023-08-16 12:11:45.514,Yes,2023-08-16 12:11:45.514,,,,,Online,2023-08-16 12:11:45.514,Online,2023-08-16 12:11:45.514,,,Normal,2023-08-16 12:11:45.514,AC Voltage Not Present,2023-08-16 12:11:45.514,Normal,2023-08-16 12:11:45.514,,,,,,,,,,,,,,,,,,,,,Alarm,2023-08-16 12:11:45.514,0,2023-08-16 12:11:45.514,50531312,2023-08-16 12:11:45.514,480004,2023-08-16 12:11:45.514,44.777778625,2023-08-16 12:11:45.514,36.5,2023-08-16 12:11:45.514,0,2023-08-16 12:11:45.514,0,2023-08-16 12:11:45.514,41,2023-08-16 12:11:45.514,41,2023-08-16 12:11:45.514,0,2023-08-16 12:11:45.514,0,2023-08-16 12:11:45.514,3,2023-08-16 12:11:45.514,0,2023-08-16 12:11:45.514,0,2023-08-16 12:11:45.514,1,2023-08-16 12:11:45.514,36,2023-08-16 12:11:45.514,,,,,,,100,2023-08-16 12:11:45.514,100,2023-08-16 12:11:45.514,,,,,,,,,,,123.8235321,2023-08-16 12:11:45.514,125.15151215,2023-08-16 12:11:45.514,117.24137878,2023-08-16 12:11:45.514,3,2023-08-16 12:11:45.514,0,2023-08-16 12:11:45.514,0,2023-08-16 12:11:45.514,29.556650162,2023-08-16 12:11:45.514,,,,,,,,,,,,,,,,,,,,,,,,,,,,,0,2023-08-16 11:55:41.315,41,2023-08-16 11:55:41.315,41,2023-08-16 11:55:41.315,2,2023-08-16 12:11:45.514
49369-0,REMOVED: FlexNet ID: 50531323,Yes,2023-04-06 20:36:04.908,Yes,2023-04-06 20:36:04.908,,,,,Online,2023-04-06 20:36:04.908,Online,2023-04-06 20:36:04.908,,,Normal,2023-04-06 20:36:04.908,Normal,2023-04-06 20:36:04.908,Normal,2023-04-06 20:36:04.908,,,,,,,,,,,,,,,,,,,,,Alarm,2023-04-06 20:36:04.908,0,2023-04-06 20:36:04.908,50531323,2023-04-06 20:36:04.908,480004,2023-04-06 20:36:04.908,43.600002289,2023-04-06 20:36:04.908,36.5,2023-04-06 20:36:04.908,0,2023-04-06 20:36:04.908,0,2023-04-06 20:36:04.908,46,2023-04-06 20:36:04.908,39,2023-04-06 20:36:04.908,22,2023-04-06 20:36:04.908,24,2023-04-06 20:36:04.908,0,2023-04-06 20:36:04.908,1,2023-04-06 20:36:04.908,0,2023-04-06 20:36:04.908,41,2023-04-06 20:36:04.908,0,2023-04-06 20:36:04.908,,,,,,,85.714286804,2023-04-06 20:36:04.908,100,2023-04-06 20:36:04.908,,,,,,,,,,,129.24243164,2023-04-06 20:36:04.908,129.69697571,2023-04-06 20:36:04.908,117.75862122,2023-04-06 20:36:04.908,1,2023-04-06 20:36:04.908,0,2023-04-06 20:36:04.908,0,2023-04-06 20:36:04.908,26.847290039,2023-04-06 20:36:04.908,,,,,,,,,,,,,,,,,,,,,,,,,,,,,0,2023-04-06 20:04:03.505,40,2023-04-06 20:04:03.505,43,2023-04-06 20:04:03.505,2,2023-04-06 20:36:04.908
